题名,题名说明,分类,主要责任者,责任者说明,古籍版本,"版本类型
稿本、写本、抄本、影抄本、刻本、活字本、套印本、石印本、彩绘本",刊刻时间,刊刻地址,馆藏,馆藏地点（省级单位）,四部分类,子目,,,,,,,,,,,,,,,,,,,,,,,,,,,,,,,,,,,,,,,,,,,,,,,,,,,,,,,,,,,,,,,,,,,,,,,
史记一百三十卷,史10200056,史,汉司马迁撰　清王鸣盛畧诠,,清宣统元年刻本（封面题重订史记畧诠）,刻本,清,,上海图书馆,上海,史部/纪传类/通代之属,,,,,,,,,,,,,,,,,,,,,,,,,,,,,,,,,,,,,,,,,,,,,,,,,,,,,,,,,,,,,,,,,,,,,,,,
史记一百三十卷桐城吴先生汇录诸家史记评话一卷桐城吴先生史记初校本点识一卷,史10200054,史,汉司马迁撰　吴汝纶点勘　（桐城吴先生汇录诸家史记评话）清吴汝纶辑　（桐城吴先生史记初校本点识）吴闓生辑,,清宣统六年南宫邢氏刻本,刻本,清,北京,上海图书馆,上海,史部/纪传类/通代之属,,,,,,,,,,,,,,,,,,,,,,,,,,,,,,,,,,,,,,,,,,,,,,,,,,,,,,,,,,,,,,,,,,,,,,,,
史记一百三十卷,史10200053,史,汉司马迁撰　刘宋裴駰集解　唐司马贞索隐　唐张守节正义　明徐孚远、陈子龙测议,,清瑞成堂刻本,刻本,清,,上海图书馆,上海,史部/纪传类/通代之属,,,,,,,,,,,,,,,,,,,,,,,,,,,,,,,,,,,,,,,,,,,,,,,,,,,,,,,,,,,,,,,,,,,,,,,,
史记一百三十卷,史10200053,史,汉司马迁撰　刘宋裴駰集解　唐司马贞索隐　唐张守节正义　明徐孚远、陈子龙测议,,明末刻本,刻本,明,,上海图书馆,上海,史部/纪传类/通代之属,,,,,,,,,,,,,,,,,,,,,,,,,,,,,,,,,,,,,,,,,,,,,,,,,,,,,,,,,,,,,,,,,,,,,,,,
史记一百三十卷,史10200053,史,汉司马迁撰　刘宋裴駰集解　唐司马贞索隐　唐张守节正义　明徐孚远、陈子龙测议,,明末素位堂刻本,刻本,明,福建,浙江图书馆,浙江,史部/纪传类/通代之属,,,,,,,,,,,,,,,,,,,,,,,,,,,,,,,,,,,,,,,,,,,,,,,,,,,,,,,,,,,,,,,,,,,,,,,,
史记一百三十卷,史10200053,史,汉司马迁撰　刘宋裴駰集解　唐司马贞索隐　唐张守节正义　明徐孚远、陈子龙测议,,明崇祯间刻本,刻本,明,,上海图书馆,上海,史部/纪传类/通代之属,,,,,,,,,,,,,,,,,,,,,,,,,,,,,,,,,,,,,,,,,,,,,,,,,,,,,,,,,,,,,,,,,,,,,,,,
史记一百三十卷,史10200052,史,汉司马迁撰　明邹德沛辑评,,明崇祯十三年酣古斋刻本,刻本,明,,扬州市图书馆,江苏,史部/纪传类/通代之属,,,,,,,,,,,,,,,,,,,,,,,,,,,,,,,,,,,,,,,,,,,,,,,,,,,,,,,,,,,,,,,,,,,,,,,,
史记一百三十卷,史10200051,史,汉司马迁撰　明葛鼎、金蟠辑评,,明崇祯十年葛氏刻本,刻本,明,,上海图书馆,上海,史部/纪传类/通代之属,,,,,,,,,,,,,,,,,,,,,,,,,,,,,,,,,,,,,,,,,,,,,,,,,,,,,,,,,,,,,,,,,,,,,,,,
史记一百三十卷,史10200050,史,汉司马迁撰　明朱东观辑评,,明末玉夏斋刻本,刻本,明,,清华大学图书馆　上海图书馆　吉林大学图书馆　新疆大学图书馆　兴化市图书馆,北京 上海 吉林  新疆 江苏,史部/纪传类/通代之属,,,,,,,,,,,,,,,,,,,,,,,,,,,,,,,,,,,,,,,,,,,,,,,,,,,,,,,,,,,,,,,,,,,,,,,,
史记一百三十卷,史10200049,史,汉司马迁撰　刘宋裴駰集解　唐司马贞索隐　唐张守节正义　明锺人杰辑评,,明锺人杰刻本,刻本,明,江苏,上海图书馆 浙江图书馆,上海 浙江,史部/纪传类/通代之属,,,,,,,,,,,,,,,,,,,,,,,,,,,,,,,,,,,,,,,,,,,,,,,,,,,,,,,,,,,,,,,,,,,,,,,,
史记一百三十卷,史10200048,史,汉司马迁撰　刘宋裴駰集解　唐司马贞索隐　唐张守节正义　明黄嘉惠辑评,,明黄嘉惠刻本,刻本,明,安徽,浙江图书馆,浙江,史部/纪传类/通代之属,,,,,,,,,,,,,,,,,,,,,,,,,,,,,,,,,,,,,,,,,,,,,,,,,,,,,,,,,,,,,,,,,,,,,,,,
史记二十四卷,史10200047,史,汉司马迁撰　明邓以赞辑评　明陈祖苞参补,,明万历四十六年刻本,刻本,明,,上海图书馆,上海,史部/纪传类/通代之属,,,,,,,,,,,,,,,,,,,,,,,,,,,,,,,,,,,,,,,,,,,,,,,,,,,,,,,,,,,,,,,,,,,,,,,,
史记一百三十卷,史10200046,史,汉司马迁撰　刘宋裴駰集解　唐司马贞索隐　唐张守节正义　明陈仁锡评,,明末程正揆刻清怀德堂印本,印本,清,江苏,山东省图书馆,山东,史部/纪传类/通代之属,,,,,,,,,,,,,,,,,,,,,,,,,,,,,,,,,,,,,,,,,,,,,,,,,,,,,,,,,,,,,,,,,,,,,,,,
史记一百三十卷,史10200046,史,汉司马迁撰　刘宋裴駰集解　唐司马贞索隐　唐张守节正义　明陈仁锡评,,明崇祯间刻本,刻本,明,,国家图书馆　上海图书馆　山东省图书馆,北京 上海 山东,史部/纪传类/通代之属,,,,,,,,,,,,,,,,,,,,,,,,,,,,,,,,,,,,,,,,,,,,,,,,,,,,,,,,,,,,,,,,,,,,,,,,
史记二十二卷,史10200045,史,汉司马迁撰　明锺惺评,,清康熙五十二年胡彬抄本,抄本,清,,南京图书馆,江苏,史部/纪传类/通代之属,,,,,,,,,,,,,,,,,,,,,,,,,,,,,,,,,,,,,,,,,,,,,,,,,,,,,,,,,,,,,,,,,,,,,,,,
史记一百三十卷,史10200044,史,汉司马迁撰　明锺惺评,,明天啓五年沈国元大来堂刻本,刻本,明,,上海图书馆　天津图书馆　浙江图书馆,上海 天津 浙江,史部/纪传类/通代之属,,,,,,,,,,,,,,,,,,,,,,,,,,,,,,,,,,,,,,,,,,,,,,,,,,,,,,,,,,,,,,,,,,,,,,,,
史记一百三十卷方望溪平点史记四卷,史10200041,史,汉司马迁撰　明归有光评点　清方苞评点,,民国七年交通图书馆影印武昌张氏本,印本,民国,上海,上海图书馆,上海,史部/纪传类/通代之属,,,,,,,,,,,,,,,,,,,,,,,,,,,,,,,,,,,,,,,,,,,,,,,,,,,,,,,,,,,,,,,,,,,,,,,,
史记一百三十卷方望溪平点史记四卷,史10200041,史,汉司马迁撰　明归有光评点　清方苞评点,,清光绪二至四年武昌张氏刻本,刻本,清,湖北,国家图书馆　上海图书馆　天津图书馆　南开大学图书馆,北京 上海 天津,史部/纪传类/通代之属,,,,,,,,,,,,,,,,,,,,,,,,,,,,,,,,,,,,,,,,,,,,,,,,,,,,,,,,,,,,,,,,,,,,,,,,
史记一百三十卷附考证,史10200040,史,汉司马迁撰　刘宋裴駰集解　唐司马贞索隐　唐张守节正义,,四部备要本,印本,民国,,,,史部/纪传类/通代之属,,,,,,,,,,,,,,,,,,,,,,,,,,,,,,,,,,,,,,,,,,,,,,,,,,,,,,,,,,,,,,,,,,,,,,,,
史记一百三十卷附考证,史10200040,史,汉司马迁撰　刘宋裴駰集解　唐司马贞索隐　唐张守节正义,,二十五史本,,,,,,史部/纪传类/通代之属,,,,,,,,,,,,,,,,,,,,,,,,,,,,,,,,,,,,,,,,,,,,,,,,,,,,,,,,,,,,,,,,,,,,,,,,
史记一百三十卷附考证,史10200040,史,汉司马迁撰　刘宋裴駰集解　唐司马贞索隐　唐张守节正义,,袖珍古书读本本,,,,,,史部/纪传类/通代之属,,,,,,,,,,,,,,,,,,,,,,,,,,,,,,,,,,,,,,,,,,,,,,,,,,,,,,,,,,,,,,,,,,,,,,,,
史记一百三十卷附考证,史10200040,史,汉司马迁撰　刘宋裴駰集解　唐司马贞索隐　唐张守节正义,,四史本（成都书局本）,刻本,清,四川,,,史部/纪传类/通代之属,,,,,,,,,,,,,,,,,,,,,,,,,,,,,,,,,,,,,,,,,,,,,,,,,,,,,,,,,,,,,,,,,,,,,,,,
史记一百三十卷附考证,史10200040,史,汉司马迁撰　刘宋裴駰集解　唐司马贞索隐　唐张守节正义,,四史本（世界书局景印武英殿本）,印本,民国,上海,,,史部/纪传类/通代之属,,,,,,,,,,,,,,,,,,,,,,,,,,,,,,,,,,,,,,,,,,,,,,,,,,,,,,,,,,,,,,,,,,,,,,,,
史记一百三十卷附考证,史10200040,史,汉司马迁撰　刘宋裴駰集解　唐司马贞索隐　唐张守节正义,,二十四史本（武英殿本、景印武英殿本）,刻本,清,北京,,,史部/纪传类/通代之属,,,,,,,,,,,,,,,,,,,,,,,,,,,,,,,,,,,,,,,,,,,,,,,,,,,,,,,,,,,,,,,,,,,,,,,,
史记一百三十卷附考证,史10200040,史,汉司马迁撰　刘宋裴駰集解　唐司马贞索隐　唐张守节正义,,四库全书本,,清,,,,史部/纪传类/通代之属,,,,,,,,,,,,,,,,,,,,,,,,,,,,,,,,,,,,,,,,,,,,,,,,,,,,,,,,,,,,,,,,,,,,,,,,
史记一百三十卷附考证,史10200040,史,汉司马迁撰　刘宋裴駰集解　唐司马贞索隐　唐张守节正义,,摛藻堂四库全书荟要本,印本,现代,台湾,,,史部/纪传类/通代之属,,,,,,,,,,,,,,,,,,,,,,,,,,,,,,,,,,,,,,,,,,,,,,,,,,,,,,,,,,,,,,,,,,,,,,,,
史记一百三十卷,史10200039,史,汉司马迁撰　刘宋裴駰集解　唐司马贞索隐　唐张守节正义,,百衲本二十四史本,印本,民国,,,,史部/纪传类/通代之属,,,,,,,,,,,,,,,,,,,,,,,,,,,,,,,,,,,,,,,,,,,,,,,,,,,,,,,,,,,,,,,,,,,,,,,,
史记一百三十卷,史10200039,史,汉司马迁撰　刘宋裴駰集解　唐司马贞索隐　唐张守节正义,,重刊二十四史本,,,,,,史部/纪传类/通代之属,,,,,,,,,,,,,,,,,,,,,,,,,,,,,,,,,,,,,,,,,,,,,,,,,,,,,,,,,,,,,,,,,,,,,,,,
史记一百三十卷,史10200039,史,汉司马迁撰　刘宋裴駰集解　唐司马贞索隐　唐张守节正义,,清同治九年崇文书局刻本,刻本,清,湖北,上海图书馆　天津图书馆,上海 天津,史部/纪传类/通代之属,,,,,,,,,,,,,,,,,,,,,,,,,,,,,,,,,,,,,,,,,,,,,,,,,,,,,,,,,,,,,,,,,,,,,,,,
史记一百三十卷,史10200039,史,汉司马迁撰　刘宋裴駰集解　唐司马贞索隐　唐张守节正义,,清同治五至九年金陵书局刻本,刻本,清,江苏,北京市文物局　上海图书馆 吉林大学图书馆 福建省图书馆,北京 上海 吉林 福建,史部/纪传类/通代之属,,,,,,,,,,,,,,,,,,,,,,,,,,,,,,,,,,,,,,,,,,,,,,,,,,,,,,,,,,,,,,,,,,,,,,,,
史记一百三十卷,史10200039,史,汉司马迁撰　刘宋裴駰集解　唐司马贞索隐　唐张守节正义,,古香斋袖珍十种本,刻本,清,广州,,,史部/纪传类/通代之属,,,,,,,,,,,,,,,,,,,,,,,,,,,,,,,,,,,,,,,,,,,,,,,,,,,,,,,,,,,,,,,,,,,,,,,,
史记一百三十卷,史10200039,史,汉司马迁撰　刘宋裴駰集解　唐司马贞索隐　唐张守节正义,,明末刻本（清许廷录批）,刻本,明,,常熟市图书馆,江苏,史部/纪传类/通代之属,,,,,,,,,,,,,,,,,,,,,,,,,,,,,,,,,,,,,,,,,,,,,,,,,,,,,,,,,,,,,,,,,,,,,,,,
史记一百三十卷,史10200039,史,汉司马迁撰　刘宋裴駰集解　唐司马贞索隐　唐张守节正义,,二十一史本（北监本）,,清,北京,,,史部/纪传类/通代之属,,,,,,,,,,,,,,,,,,,,,,,,,,,,,,,,,,,,,,,,,,,,,,,,,,,,,,,,,,,,,,,,,,,,,,,,
史记一百三十卷,史10200039,史,汉司马迁撰　刘宋裴駰集解　唐司马贞索隐　唐张守节正义,,明万历二十四年南京国子监刻明清递修本,修本,清,,湖南省图书馆,湖南,史部/纪传类/通代之属,,,,,,,,,,,,,,,,,,,,,,,,,,,,,,,,,,,,,,,,,,,,,,,,,,,,,,,,,,,,,,,,,,,,,,,,
史记一百三十卷,史10200039,史,汉司马迁撰　刘宋裴駰集解　唐司马贞索隐　唐张守节正义,,明万历二十四年南京国子监刻本,刻本,明,江苏,南京图书馆,江苏,史部/纪传类/通代之属,,,,,,,,,,,,,,,,,,,,,,,,,,,,,,,,,,,,,,,,,,,,,,,,,,,,,,,,,,,,,,,,,,,,,,,,
史记一百三十卷,史10200039,史,汉司马迁撰　刘宋裴駰集解　唐司马贞索隐　唐张守节正义,,明万历间张守约刻本,刻本,明,,上海图书馆,上海,史部/纪传类/通代之属,,,,,,,,,,,,,,,,,,,,,,,,,,,,,,,,,,,,,,,,,,,,,,,,,,,,,,,,,,,,,,,,,,,,,,,,
史记一百三十卷,史10200039,史,汉司马迁撰　刘宋裴駰集解　唐司马贞索隐　唐张守节正义,,明万历九年刘维刻本,刻本,明,,国家图书馆　上海图书馆,北京 上海,史部/纪传类/通代之属,,,,,,,,,,,,,,,,,,,,,,,,,,,,,,,,,,,,,,,,,,,,,,,,,,,,,,,,,,,,,,,,,,,,,,,,
史记一百三十卷,史10200039,史,汉司马迁撰　刘宋裴駰集解　唐司马贞索隐　唐张守节正义,,明万历六年山西布政司刻本,刻本,明,山西,中山大学图书馆,广东,史部/纪传类/通代之属,,,,,,,,,,,,,,,,,,,,,,,,,,,,,,,,,,,,,,,,,,,,,,,,,,,,,,,,,,,,,,,,,,,,,,,,
史记一百三十卷,史10200039,史,汉司马迁撰　刘宋裴駰集解　唐司马贞索隐　唐张守节正义,,明万历二至三年南京国子监刻本,刻本,明,江苏,常熟市图书馆 福建省图书馆 上海图书馆,江苏 福建 上海,史部/纪传类/通代之属,,,,,,,,,,,,,,,,,,,,,,,,,,,,,,,,,,,,,,,,,,,,,,,,,,,,,,,,,,,,,,,,,,,,,,,,
史记一百三十卷,史10200039,史,汉司马迁撰　刘宋裴駰集解　唐司马贞索隐　唐张守节正义,,明嘉靖十三年秦藩朱惟焯刻十九年重修本,修本,明,,国家图书馆　上海图书馆,北京 上海,史部/纪传类/通代之属,,,,,,,,,,,,,,,,,,,,,,,,,,,,,,,,,,,,,,,,,,,,,,,,,,,,,,,,,,,,,,,,,,,,,,,,
史记一百三十卷,史10200039,史,汉司马迁撰　刘宋裴駰集解　唐司马贞索隐　唐张守节正义,,明嘉靖十三年秦藩朱惟焯刻本,刻本,明,陕西,北京大学图书馆　辽宁省图书馆,北京 辽宁,史部/纪传类/通代之属,,,,,,,,,,,,,,,,,,,,,,,,,,,,,,,,,,,,,,,,,,,,,,,,,,,,,,,,,,,,,,,,,,,,,,,,
史记一百三十卷,史10200039,史,汉司马迁撰　刘宋裴駰集解　唐司马贞索隐　唐张守节正义,,明嘉靖八至九年南京国子监刻本,刻本,明,江苏,国家图书馆　天津图书馆,北京 天津,史部/纪传类/通代之属,,,,,,,,,,,,,,,,,,,,,,,,,,,,,,,,,,,,,,,,,,,,,,,,,,,,,,,,,,,,,,,,,,,,,,,,
史记一百三十卷,史10200039,史,汉司马迁撰　刘宋裴駰集解　唐司马贞索隐　唐张守节正义,,明嘉靖四至六年王延喆刻本,刻本,明,,上海图书馆　复旦大学图书馆　华东师范大学图书馆　南京图书馆　天津图书馆,上海 天津 江苏,史部/纪传类/通代之属,,,,,,,,,,,,,,,,,,,,,,,,,,,,,,,,,,,,,,,,,,,,,,,,,,,,,,,,,,,,,,,,,,,,,,,,
史记一百三十卷,史10200039,史,汉司马迁撰　刘宋裴駰集解　唐司马贞索隐　唐张守节正义,,明嘉靖四年汪谅刻本,刻本,明,,国家图书馆　上海图书馆　浙江图书馆　南京图书馆,北京 上海 浙江 江苏 ,史部/纪传类/通代之属,,,,,,,,,,,,,,,,,,,,,,,,,,,,,,,,,,,,,,,,,,,,,,,,,,,,,,,,,,,,,,,,,,,,,,,,
史记一百三十卷,史10200039,史,汉司马迁撰　刘宋裴駰集解　唐司马贞索隐　唐张守节正义,,明正德十二年廖铠刻本,刻本,明,,国家图书馆　上海图书馆,北京 上海,史部/纪传类/通代之属,,,,,,,,,,,,,,,,,,,,,,,,,,,,,,,,,,,,,,,,,,,,,,,,,,,,,,,,,,,,,,,,,,,,,,,,
史记一百三十卷,史10200039,史,汉司马迁撰　刘宋裴駰集解　唐司马贞索隐　唐张守节正义,,元至元二十五年彭寅翁崇道精舍刻本（卷一百十七至一百二十二配蒙古中统二年段子成刻本）,刻本,元,,国家图书馆,北京 ,史部/纪传类/通代之属,,,,,,,,,,,,,,,,,,,,,,,,,,,,,,,,,,,,,,,,,,,,,,,,,,,,,,,,,,,,,,,,,,,,,,,,
史记一百三十卷,史10200039,史,汉司马迁撰　刘宋裴駰集解　唐司马贞索隐　唐张守节正义,,宋黄善夫家塾刻本（清黄绍箕题款）,刻本,宋,,国家图书馆,北京,史部/纪传类/通代之属,,,,,,,,,,,,,,,,,,,,,,,,,,,,,,,,,,,,,,,,,,,,,,,,,,,,,,,,,,,,,,,,,,,,,,,,
史记一百三十卷,史10200037,史,汉司马迁撰　刘宋裴駰集解　唐司马贞索隐,,明正德间刘氏慎独斋刻本,刻本,明,福建,上海图书馆,上海,史部/纪传类/通代之属,,,,,,,,,,,,,,,,,,,,,,,,,,,,,,,,,,,,,,,,,,,,,,,,,,,,,,,,,,,,,,,,,,,,,,,,
史记一百三十卷,史10200037,史,汉司马迁撰　刘宋裴駰集解　唐司马贞索隐,,明正德十三年邵宗周刻本,刻本,明,,北京大学图书馆　浙江图书馆,北京 浙江,史部/纪传类/通代之属,,,,,,,,,,,,,,,,,,,,,,,,,,,,,,,,,,,,,,,,,,,,,,,,,,,,,,,,,,,,,,,,,,,,,,,,
史记一百三十卷,史10200037,史,汉司马迁撰　刘宋裴駰集解　唐司马贞索隐,,明天顺间游明刻本,刻本,明,,国家图书馆 北京大学图书馆　上海图书馆,北京 上海,史部/纪传类/通代之属,,,,,,,,,,,,,,,,,,,,,,,,,,,,,,,,,,,,,,,,,,,,,,,,,,,,,,,,,,,,,,,,,,,,,,,,
史记一百三十卷,史10200037,史,汉司马迁撰　刘宋裴駰集解　唐司马贞索隐,,元大德间饶州路儒学刻本,刻本,元,江西,国家图书馆,北京,史部/纪传类/通代之属,,,,,,,,,,,,,,,,,,,,,,,,,,,,,,,,,,,,,,,,,,,,,,,,,,,,,,,,,,,,,,,,,,,,,,,,
史记一百三十卷,史10200037,史,汉司马迁撰　刘宋裴駰集解　唐司马贞索隐,,蒙古中统二年段子成刻明修本,修本,明,,上海图书馆,上海,史部/纪传类/通代之属,,,,,,,,,,,,,,,,,,,,,,,,,,,,,,,,,,,,,,,,,,,,,,,,,,,,,,,,,,,,,,,,,,,,,,,,
史记一百三十卷,史10200037,史,汉司马迁撰　刘宋裴駰集解　唐司马贞索隐,,宋淳熙三年张杅桐川郡斋刻八年耿秉重修本,修本,宋,,国家图书馆,北京,史部/纪传类/通代之属,,,,,,,,,,,,,,,,,,,,,,,,,,,,,,,,,,,,,,,,,,,,,,,,,,,,,,,,,,,,,,,,,,,,,,,,
史记一百三十卷,史10200037,史,汉司马迁撰　刘宋裴駰集解　唐司马贞索隐,,宋淳熙三年张杅桐川郡斋刻本,刻本,宋,安徽,国家图书馆,北京,史部/纪传类/通代之属,,,,,,,,,,,,,,,,,,,,,,,,,,,,,,,,,,,,,,,,,,,,,,,,,,,,,,,,,,,,,,,,,,,,,,,,
史记一百三十卷,史10200037,史,汉司马迁撰　刘宋裴駰集解　唐司马贞索隐,,宋干道七年蔡梦弼东塾刻本,刻本,宋,,国家图书馆　上海图书馆,北京 上海,史部/纪传类/通代之属,,,,,,,,,,,,,,,,,,,,,,,,,,,,,,,,,,,,,,,,,,,,,,,,,,,,,,,,,,,,,,,,,,,,,,,,
史记一百三十卷,史10200034,史,汉司马迁撰　刘宋裴駰集解,,清刻本,刻本,清,,南京图书馆,江苏,史部/纪传类/通代之属,,,,,,,,,,,,,,,,,,,,,,,,,,,,,,,,,,,,,,,,,,,,,,,,,,,,,,,,,,,,,,,,,,,,,,,,
史记一百三十卷,史10200034,史,汉司马迁撰　刘宋裴駰集解,,四库全书本,,清,,,,史部/纪传类/通代之属,,,,,,,,,,,,,,,,,,,,,,,,,,,,,,,,,,,,,,,,,,,,,,,,,,,,,,,,,,,,,,,,,,,,,,,,
史记一百三十卷,史10200034,史,汉司马迁撰　刘宋裴駰集解,,十七史本（清顺治十一年重修本）,修本,清,,国家图书馆 故宫博物院图书馆 上海图书馆,北京 上海,史部/纪传类/通代之属,,,,,,,,,,,,,,,,,,,,,,,,,,,,,,,,,,,,,,,,,,,,,,,,,,,,,,,,,,,,,,,,,,,,,,,,
史记一百三十卷,史10200034,史,汉司马迁撰　刘宋裴駰集解,,十七史本,,清,,国家图书馆 上海图书馆　云南师箱大学图书馆 湖南师范大学图书馆,北京 上海 云南 湖南,史部/纪传类/通代之属,,,,,,,,,,,,,,,,,,,,,,,,,,,,,,,,,,,,,,,,,,,,,,,,,,,,,,,,,,,,,,,,,,,,,,,,
史记一百三十卷,史10200034,史,汉司马迁撰　刘宋裴駰集解,,明正德十年白鹿洞书院刻本,刻本,明,江西,北京大学图书馆　上海图书馆,北京 上海,史部/纪传类/通代之属,,,,,,,,,,,,,,,,,,,,,,,,,,,,,,,,,,,,,,,,,,,,,,,,,,,,,,,,,,,,,,,,,,,,,,,,
史记一百三十卷,史10200034,史,汉司马迁撰　刘宋裴駰集解,,宋刻递修本,修本,宋,,国家图书馆,北京,史部/纪传类/通代之属,,,,,,,,,,,,,,,,,,,,,,,,,,,,,,,,,,,,,,,,,,,,,,,,,,,,,,,,,,,,,,,,,,,,,,,,
史记一百三十卷,史10200034,史,汉司马迁撰　刘宋裴駰集解,,宋刻本,刻本,宋,,国家图书馆,北京,史部/纪传类/通代之属,,,,,,,,,,,,,,,,,,,,,,,,,,,,,,,,,,,,,,,,,,,,,,,,,,,,,,,,,,,,,,,,,,,,,,,,
史记一百三十卷,史10200034,史,汉司马迁撰　刘宋裴駰集解,,宋刻本,刻本,宋,,国家图书馆,北京,史部/纪传类/通代之属,,,,,,,,,,,,,,,,,,,,,,,,,,,,,,,,,,,,,,,,,,,,,,,,,,,,,,,,,,,,,,,,,,,,,,,,
史记一百三十卷,史10200034,史,汉司马迁撰　刘宋裴駰集解,,宋刻本,刻本,宋,,国家图书馆　北京大学图书馆,北京,史部/纪传类/通代之属,,,,,,,,,,,,,,,,,,,,,,,,,,,,,,,,,,,,,,,,,,,,,,,,,,,,,,,,,,,,,,,,,,,,,,,,
史记一百三十卷,史10200034,史,汉司马迁撰　刘宋裴駰集解,,宋刻宋元明递修弘治间公文纸印本,印本,明,,国家图书馆,北京,史部/纪传类/通代之属,,,,,,,,,,,,,,,,,,,,,,,,,,,,,,,,,,,,,,,,,,,,,,,,,,,,,,,,,,,,,,,,,,,,,,,,
史记一百三十卷,史10200034,史,汉司马迁撰　刘宋裴駰集解,,宋刻宋元递修本,修本,元,,国家图书馆,北京,史部/纪传类/通代之属,,,,,,,,,,,,,,,,,,,,,,,,,,,,,,,,,,,,,,,,,,,,,,,,,,,,,,,,,,,,,,,,,,,,,,,,
史记一百三十卷,史10200034,史,汉司马迁撰　刘宋裴駰集解,,宋绍兴间淮南路转运司刻宋元明初递修本,修本,明,,国家图书馆,北京,史部/纪传类/通代之属,,,,,,,,,,,,,,,,,,,,,,,,,,,,,,,,,,,,,,,,,,,,,,,,,,,,,,,,,,,,,,,,,,,,,,,,
史记一百三十卷,史10200034,史,汉司马迁撰　刘宋裴駰集解,,宋绍兴间淮南路转运司刻本,刻本,宋,江苏 安徽,上海图书馆,上海,史部/纪传类/通代之属,,,,,,,,,,,,,,,,,,,,,,,,,,,,,,,,,,,,,,,,,,,,,,,,,,,,,,,,,,,,,,,,,,,,,,,,
史记二十四卷,史10200032,史,汉司马迁撰　明锺鸣陛校,,明刻本,刻本,明,,山西省图书馆,山西,史部/纪传类/通代之属,,,,,,,,,,,,,,,,,,,,,,,,,,,,,,,,,,,,,,,,,,,,,,,,,,,,,,,,,,,,,,,,,,,,,,,,
史记一百三十卷,史10200031,史,汉司马迁撰　汉褚少孙、唐司马贞补,,明崇祯元年新安黄之宷刻本,刻本,明,安徽,上海图书馆,上海,史部/纪传类/通代之属,,,,,,,,,,,,,,,,,,,,,,,,,,,,,,,,,,,,,,,,,,,,,,,,,,,,,,,,,,,,,,,,,,,,,,,,
史记一百三十卷,史10200031,史,汉司马迁撰　汉褚少孙、唐司马贞补,,明吴勉学刻本,刻本,明,安徽,国家图书馆　上海图书馆,北京 上海,史部/纪传类/通代之属,,,,,,,,,,,,,,,,,,,,,,,,,,,,,,,,,,,,,,,,,,,,,,,,,,,,,,,,,,,,,,,,,,,,,,,,
汉书一百卷,史10200208,史,汉班固撰　唐顔师古注　明陈仁锡评,,明崇祯间刻本,刻本,明,,上海图书馆,上海,史部/纪传类/断代之属,,,,,,,,,,,,,,,,,,,,,,,,,,,,,,,,,,,,,,,,,,,,,,,,,,,,,,,,,,,,,,,,,,,,,,,,
汉书一百卷,史10200207,史,汉班固撰　唐顔师古注　明锺人杰辑评,,明万历四十七年锺人杰刻本,刻本,明,江苏,上海图书馆,上海,史部/纪传类/断代之属,,,,,,,,,,,,,,,,,,,,,,,,,,,,,,,,,,,,,,,,,,,,,,,,,,,,,,,,,,,,,,,,,,,,,,,,
汉书一百卷,史10200206,史,汉班固撰　明葛锡璠汇评,,明崇祯十二年葛鼎刻本,刻本,明,江苏,中国科学院图书馆　上海图书馆,北京 上海,史部/纪传类/断代之属,,,,,,,,,,,,,,,,,,,,,,,,,,,,,,,,,,,,,,,,,,,,,,,,,,,,,,,,,,,,,,,,,,,,,,,,
汉书一百卷,史10200194,史,汉班固撰　唐顔师古注,,百衲本二十四史本,印本,民国,,,,史部/纪传类/断代之属,,,,,,,,,,,,,,,,,,,,,,,,,,,,,,,,,,,,,,,,,,,,,,,,,,,,,,,,,,,,,,,,,,,,,,,,
汉书一百卷,史10200194,史,汉班固撰　唐顔师古注,,四史本（刘承干辑）,,,,,,史部/纪传类/断代之属,,,,,,,,,,,,,,,,,,,,,,,,,,,,,,,,,,,,,,,,,,,,,,,,,,,,,,,,,,,,,,,,,,,,,,,,
汉书一百卷,史10200194,史,汉班固撰　唐顔师古注,,清光绪十三年金陵书局刻本,刻本,清,江苏,南京图书馆,江苏,史部/纪传类/断代之属,,,,,,,,,,,,,,,,,,,,,,,,,,,,,,,,,,,,,,,,,,,,,,,,,,,,,,,,,,,,,,,,,,,,,,,,
汉书一百卷,史10200194,史,汉班固撰　唐顔师古注,,清光绪八年桐城方氏刻本,刻本,清,安徽,北京大学图书馆,北京,史部/纪传类/断代之属,,,,,,,,,,,,,,,,,,,,,,,,,,,,,,,,,,,,,,,,,,,,,,,,,,,,,,,,,,,,,,,,,,,,,,,,
汉书一百卷,史10200194,史,汉班固撰　唐顔师古注,,重刊二十四史本（前汉书）,,,,,,史部/纪传类/断代之属,,,,,,,,,,,,,,,,,,,,,,,,,,,,,,,,,,,,,,,,,,,,,,,,,,,,,,,,,,,,,,,,,,,,,,,,
汉书一百卷,史10200194,史,汉班固撰　唐顔师古注,,二十四史本（五省官书局本）,刻本,清,江苏,国家图书馆　首都图书馆　上海图书馆　复旦大学图书馆　南京图书馆　湖北省图书馆　福建省图书馆,北京 上海 江苏 福建 湖北,史部/纪传类/断代之属,,,,,,,,,,,,,,,,,,,,,,,,,,,,,,,,,,,,,,,,,,,,,,,,,,,,,,,,,,,,,,,,,,,,,,,,
汉书一百卷,史10200194,史,汉班固撰　唐顔师古注,,二十四史本（武英殿本、景印武英殿本）,刻本,清,北京,上海图书馆 天津,上海 天津,史部/纪传类/断代之属,,,,,,,,,,,,,,,,,,,,,,,,,,,,,,,,,,,,,,,,,,,,,,,,,,,,,,,,,,,,,,,,,,,,,,,,
汉书一百卷,史10200194,史,汉班固撰　唐顔师古注,,清金阊书业堂刻本,刻本,清,浙江,南开大学图书馆,天津,史部/纪传类/断代之属,,,,,,,,,,,,,,,,,,,,,,,,,,,,,,,,,,,,,,,,,,,,,,,,,,,,,,,,,,,,,,,,,,,,,,,,
汉书一百卷,史10200194,史,汉班固撰　唐顔师古注,,清刻本,刻本,清,,湖北省图书馆,湖北,史部/纪传类/断代之属,,,,,,,,,,,,,,,,,,,,,,,,,,,,,,,,,,,,,,,,,,,,,,,,,,,,,,,,,,,,,,,,,,,,,,,,
汉书一百卷,史10200194,史,汉班固撰　唐顔师古注,,十七史本,,清,,国家图书馆　故宫博物院图书馆　中共北京市委图书馆　上海图书馆　复旦大学图书馆　华东师范大学图书馆　南京图书馆　常熟市图书馆　苏州大学图书馆　武汉大学图书馆　湖南省图书馆　湖南省图书馆师大　台州市黄严区图书馆,北京 上海 江苏 湖南 湖北 浙江,史部/纪传类/断代之属,,,,,,,,,,,,,,,,,,,,,,,,,,,,,,,,,,,,,,,,,,,,,,,,,,,,,,,,,,,,,,,,,,,,,,,,
汉书一百卷,史10200194,史,汉班固撰　唐顔师古注,,二十一史本（北监本，前汉书）,,,北京,,,史部/纪传类/断代之属,,,,,,,,,,,,,,,,,,,,,,,,,,,,,,,,,,,,,,,,,,,,,,,,,,,,,,,,,,,,,,,,,,,,,,,,
汉书一百卷,史10200194,史,汉班固撰　唐顔师古注,,二十一史本（南监本）,,,江苏,,,史部/纪传类/断代之属,,,,,,,,,,,,,,,,,,,,,,,,,,,,,,,,,,,,,,,,,,,,,,,,,,,,,,,,,,,,,,,,,,,,,,,,
汉书一百卷,史10200194,史,汉班固撰　唐顔师古注,,明嘉靖间汪文盛等刻二十八年周采等重修本,修本,明,,国家图书馆　天津图书馆　华东师范大学图书馆　山东省图书馆　南京图书馆,北京 天津 上海 江苏 山东,史部/纪传类/断代之属,,,,,,,,,,,,,,,,,,,,,,,,,,,,,,,,,,,,,,,,,,,,,,,,,,,,,,,,,,,,,,,,,,,,,,,,
汉书一百卷,史10200194,史,汉班固撰　唐顔师古注,,明嘉靖间汪文盛等刻本,刻本,明,,国家图书馆　北京大学图书馆　上海图书馆　山东省图书馆　南京图书馆,北京 上海 江苏 山东,史部/纪传类/断代之属,,,,,,,,,,,,,,,,,,,,,,,,,,,,,,,,,,,,,,,,,,,,,,,,,,,,,,,,,,,,,,,,,,,,,,,,
汉书一百卷,史10200194,史,汉班固撰　唐顔师古注,,明刻嘉靖十六年广东崇正书院重修本,修本,明,广东,国家图书馆　北京大学图书馆　上海图书馆　天津图书馆　南京图书馆,北京 上海 天津 江苏,史部/纪传类/断代之属,,,,,,,,,,,,,,,,,,,,,,,,,,,,,,,,,,,,,,,,,,,,,,,,,,,,,,,,,,,,,,,,,,,,,,,,
汉书一百卷,史10200194,史,汉班固撰　唐顔师古注,,明正统八至十年刻本,刻本,明,,国家图书馆　上海图书馆　南京图书馆　福建师范大学图书馆,北京 上海 江苏 福建,史部/纪传类/断代之属,,,,,,,,,,,,,,,,,,,,,,,,,,,,,,,,,,,,,,,,,,,,,,,,,,,,,,,,,,,,,,,,,,,,,,,,
汉书一百卷,史10200194,史,汉班固撰　唐顔师古注,,元大德九年太平路儒学刻明成化正德间递修本,修本,明,,国家图书馆　上海图书馆,北京 上海,史部/纪传类/断代之属,,,,,,,,,,,,,,,,,,,,,,,,,,,,,,,,,,,,,,,,,,,,,,,,,,,,,,,,,,,,,,,,,,,,,,,,
汉书一百卷,史10200194,史,汉班固撰　唐顔师古注,,清初影宋抄本（存卷一至十二、二十一至二十八）,抄本,清,,国家图书馆,北京,史部/纪传类/断代之属,,,,,,,,,,,,,,,,,,,,,,,,,,,,,,,,,,,,,,,,,,,,,,,,,,,,,,,,,,,,,,,,,,,,,,,,
汉书一百卷,史10200194,史,汉班固撰　唐顔师古注,,宋嘉定十七年白鹭洲书院刻本,刻本,宋,江西,国家图书馆,北京,史部/纪传类/断代之属,,,,,,,,,,,,,,,,,,,,,,,,,,,,,,,,,,,,,,,,,,,,,,,,,,,,,,,,,,,,,,,,,,,,,,,,
汉书一百卷,史10200194,史,汉班固撰　唐顔师古注,,宋蔡琪家塾刻本,刻本,宋,,北京大学图书馆　南京图书馆,北京 江苏,史部/纪传类/断代之属,,,,,,,,,,,,,,,,,,,,,,,,,,,,,,,,,,,,,,,,,,,,,,,,,,,,,,,,,,,,,,,,,,,,,,,,
汉书一百卷,史10200194,史,汉班固撰　唐顔师古注,,宋庆元元年刘元起刻本,刻本,宋,,北京大学图书馆,北京,史部/纪传类/断代之属,,,,,,,,,,,,,,,,,,,,,,,,,,,,,,,,,,,,,,,,,,,,,,,,,,,,,,,,,,,,,,,,,,,,,,,,
汉书一百卷,史10200194,史,汉班固撰　唐顔师古注,,宋刻元明递修本,修本,明,,国家图书馆　天津图书馆　南京图书馆,北京 天津 江苏,史部/纪传类/断代之属,,,,,,,,,,,,,,,,,,,,,,,,,,,,,,,,,,,,,,,,,,,,,,,,,,,,,,,,,,,,,,,,,,,,,,,,
汉书一百卷,史10200194,史,汉班固撰　唐顔师古注,,宋刻元修本,修本,元,,国家图书馆,北京,史部/纪传类/断代之属,,,,,,,,,,,,,,,,,,,,,,,,,,,,,,,,,,,,,,,,,,,,,,,,,,,,,,,,,,,,,,,,,,,,,,,,
汉书一百卷,史10200194,史,汉班固撰　唐顔师古注,,北宋刻宋元递修本,修本,元,,国家图书馆,北京,史部/纪传类/断代之属,,,,,,,,,,,,,,,,,,,,,,,,,,,,,,,,,,,,,,,,,,,,,,,,,,,,,,,,,,,,,,,,,,,,,,,,
汉书一百卷,史10200194,史,汉班固撰　唐顔师古注,,北宋刻递修本,修本,宋,,国家图书馆,北京,史部/纪传类/断代之属,,,,,,,,,,,,,,,,,,,,,,,,,,,,,,,,,,,,,,,,,,,,,,,,,,,,,,,,,,,,,,,,,,,,,,,,
后汉书九十卷志三十卷,史10200320,史,刘宋范晔撰　唐李贤注　（志）晋司马彪撰　梁刘昭注　明金蟠、葛鼎辑评,,明崇祯十六年刻本,刻本,明,,山东师范大学图书馆,山东,史部/纪传类/断代之属,,,,,,,,,,,,,,,,,,,,,,,,,,,,,,,,,,,,,,,,,,,,,,,,,,,,,,,,,,,,,,,,,,,,,,,,
后汉书九十卷志三十卷,史10200319,史,刘宋范晔撰　唐李贤注　明陈仁锡辑评　（志）晋司马彪撰　梁刘昭注　明陈仁锡评,,明天啓间刻本,刻本,明,,华东师范大学图书馆,上海,史部/纪传类/断代之属,,,,,,,,,,,,,,,,,,,,,,,,,,,,,,,,,,,,,,,,,,,,,,,,,,,,,,,,,,,,,,,,,,,,,,,,
后汉书九十卷志三十卷,史10200319,史,刘宋范晔撰　唐李贤注　明陈仁锡辑评　（志）晋司马彪撰　梁刘昭注　明陈仁锡评,,明天啓七年云林积秀堂刻本,刻本,明,,国家图书馆　上海图书馆,北京 上海,史部/纪传类/断代之属,,,,,,,,,,,,,,,,,,,,,,,,,,,,,,,,,,,,,,,,,,,,,,,,,,,,,,,,,,,,,,,,,,,,,,,,
后汉书九十卷志三十卷,史10200318,史,刘宋范晔撰　唐李贤注　明锺人杰辑评　（志）晋司马彪撰　梁刘昭注　明锺人杰辑评,,明锺人杰刻本,刻本,明,江苏,上海图书馆,上海,史部/纪传类/断代之属,,,,,,,,,,,,,,,,,,,,,,,,,,,,,,,,,,,,,,,,,,,,,,,,,,,,,,,,,,,,,,,,,,,,,,,,
后汉书一百二十卷附考证,史10200317,史,刘宋范晔撰　唐李贤注　（志）晋司马彪撰　梁刘昭注,,四部备要本,印本,民国,,,,史部/纪传类/断代之属,,,,,,,,,,,,,,,,,,,,,,,,,,,,,,,,,,,,,,,,,,,,,,,,,,,,,,,,,,,,,,,,,,,,,,,,
后汉书一百二十卷附考证,史10200317,史,刘宋范晔撰　唐李贤注　（志）晋司马彪撰　梁刘昭注,,二十五史本,,,,,,史部/纪传类/断代之属,,,,,,,,,,,,,,,,,,,,,,,,,,,,,,,,,,,,,,,,,,,,,,,,,,,,,,,,,,,,,,,,,,,,,,,,
后汉书一百二十卷附考证,史10200317,史,刘宋范晔撰　唐李贤注　（志）晋司马彪撰　梁刘昭注,,清光绪三十一年上海久敬斋石印本,印本,清,上海,北京大学图书馆,北京,史部/纪传类/断代之属,,,,,,,,,,,,,,,,,,,,,,,,,,,,,,,,,,,,,,,,,,,,,,,,,,,,,,,,,,,,,,,,,,,,,,,,
后汉书一百二十卷附考证,史10200317,史,刘宋范晔撰　唐李贤注　（志）晋司马彪撰　梁刘昭注,,四史本（成都书局本、世界书局景印武英殿本）,刻本,清,四川,,,史部/纪传类/断代之属,,,,,,,,,,,,,,,,,,,,,,,,,,,,,,,,,,,,,,,,,,,,,,,,,,,,,,,,,,,,,,,,,,,,,,,,
后汉书一百二十卷附考证,史10200317,史,刘宋范晔撰　唐李贤注　（志）晋司马彪撰　梁刘昭注,,四史本（成都书局本、世界书局景印武英殿本）,刻本,清,北京,,,史部/纪传类/断代之属,,,,,,,,,,,,,,,,,,,,,,,,,,,,,,,,,,,,,,,,,,,,,,,,,,,,,,,,,,,,,,,,,,,,,,,,
后汉书一百二十卷附考证,史10200317,史,刘宋范晔撰　唐李贤注　（志）晋司马彪撰　梁刘昭注,,四史本（成都书局本、世界书局景印武英殿本）,刻本,清,上海,,,史部/纪传类/断代之属,,,,,,,,,,,,,,,,,,,,,,,,,,,,,,,,,,,,,,,,,,,,,,,,,,,,,,,,,,,,,,,,,,,,,,,,
后汉书一百二十卷附考证,史10200317,史,刘宋范晔撰　唐李贤注　（志）晋司马彪撰　梁刘昭注,,二十四史本（武英殿本、景印武英殿本）,刻本,清,北京,,,史部/纪传类/断代之属,,,,,,,,,,,,,,,,,,,,,,,,,,,,,,,,,,,,,,,,,,,,,,,,,,,,,,,,,,,,,,,,,,,,,,,,
后汉书一百二十卷附考证,史10200317,史,刘宋范晔撰　唐李贤注　（志）晋司马彪撰　梁刘昭注,,四库全书本,,清,,,,史部/纪传类/断代之属,,,,,,,,,,,,,,,,,,,,,,,,,,,,,,,,,,,,,,,,,,,,,,,,,,,,,,,,,,,,,,,,,,,,,,,,
后汉书一百二十卷附考证,史10200317,史,刘宋范晔撰　唐李贤注　（志）晋司马彪撰　梁刘昭注,,摛藻堂四库全书荟要本,印本,现代,台湾,,,史部/纪传类/断代之属,,,,,,,,,,,,,,,,,,,,,,,,,,,,,,,,,,,,,,,,,,,,,,,,,,,,,,,,,,,,,,,,,,,,,,,,
后汉书九十卷志三十卷,史10200316,史,刘宋范晔撰　唐李贤注　（志）晋司马彪撰　梁刘昭注,,百衲本二十四史本,印本,民国,,,,史部/纪传类/断代之属,,,,,,,,,,,,,,,,,,,,,,,,,,,,,,,,,,,,,,,,,,,,,,,,,,,,,,,,,,,,,,,,,,,,,,,,
后汉书九十卷志三十卷,史10200316,史,刘宋范晔撰　唐李贤注　（志）晋司马彪撰　梁刘昭注,,四史本（刘承干辑）,,,,,,史部/纪传类/断代之属,,,,,,,,,,,,,,,,,,,,,,,,,,,,,,,,,,,,,,,,,,,,,,,,,,,,,,,,,,,,,,,,,,,,,,,,
后汉书九十卷志三十卷,史10200316,史,刘宋范晔撰　唐李贤注　（志）晋司马彪撰　梁刘昭注,,清同治十二年岭东使署刻本,刻本,清,广东,北京大学图书馆,北京,史部/纪传类/断代之属,,,,,,,,,,,,,,,,,,,,,,,,,,,,,,,,,,,,,,,,,,,,,,,,,,,,,,,,,,,,,,,,,,,,,,,,
后汉书九十卷志三十卷,史10200316,史,刘宋范晔撰　唐李贤注　（志）晋司马彪撰　梁刘昭注,,四史本（金陵书局本）,,,江苏,南京图书馆,江苏,史部/纪传类/断代之属,,,,,,,,,,,,,,,,,,,,,,,,,,,,,,,,,,,,,,,,,,,,,,,,,,,,,,,,,,,,,,,,,,,,,,,,
后汉书九十卷志三十卷,史10200316,史,刘宋范晔撰　唐李贤注　（志）晋司马彪撰　梁刘昭注,,二十四史本（五省官书局本）,刻本,清,江苏,国家图书馆　上海图书馆　湖北省图书馆　福建省图书馆,北京 上海 湖北 福建,史部/纪传类/断代之属,,,,,,,,,,,,,,,,,,,,,,,,,,,,,,,,,,,,,,,,,,,,,,,,,,,,,,,,,,,,,,,,,,,,,,,,
后汉书九十卷志三十卷,史10200316,史,刘宋范晔撰　唐李贤注　（志）晋司马彪撰　梁刘昭注,,明末刻本,刻本,明,,湖北省图书馆 中国人民大学图书馆,湖北 北京,史部/纪传类/断代之属,,,,,,,,,,,,,,,,,,,,,,,,,,,,,,,,,,,,,,,,,,,,,,,,,,,,,,,,,,,,,,,,,,,,,,,,
后汉书九十卷志三十卷,史10200316,史,刘宋范晔撰　唐李贤注　（志）晋司马彪撰　梁刘昭注,,十七史本,,清,,国家图书馆　中共中央党校图书馆　上海图书馆　复旦大学图书馆　青海省图书馆　南京图书馆　浙江图书馆 苏州市图书馆 苏州市图书馆大学　温州市图书馆　安徽省图书馆　武汉大学图书馆　湖南省图书馆　邵阳师范学院图书馆,北京 上海 青海 江苏 浙江 安徽 湖北 湖南,史部/纪传类/断代之属,,,,,,,,,,,,,,,,,,,,,,,,,,,,,,,,,,,,,,,,,,,,,,,,,,,,,,,,,,,,,,,,,,,,,,,,
后汉书九十卷志三十卷,史10200316,史,刘宋范晔撰　唐李贤注　（志）晋司马彪撰　梁刘昭注,,二十一史本（北监本，清康熙二十五年重修本）,修本,清,北京,国家图书馆,北京,史部/纪传类/断代之属,,,,,,,,,,,,,,,,,,,,,,,,,,,,,,,,,,,,,,,,,,,,,,,,,,,,,,,,,,,,,,,,,,,,,,,,
后汉书九十卷志三十卷,史10200316,史,刘宋范晔撰　唐李贤注　（志）晋司马彪撰　梁刘昭注,,二十一史本（北监本）,,清,北京,山西省文物局,山西,史部/纪传类/断代之属,,,,,,,,,,,,,,,,,,,,,,,,,,,,,,,,,,,,,,,,,,,,,,,,,,,,,,,,,,,,,,,,,,,,,,,,
后汉书九十卷志三十卷,史10200316,史,刘宋范晔撰　唐李贤注　（志）晋司马彪撰　梁刘昭注,,明刻本,刻本,明,,南京图书馆,江苏,史部/纪传类/断代之属,,,,,,,,,,,,,,,,,,,,,,,,,,,,,,,,,,,,,,,,,,,,,,,,,,,,,,,,,,,,,,,,,,,,,,,,
后汉书九十卷志三十卷,史10200316,史,刘宋范晔撰　唐李贤注　（志）晋司马彪撰　梁刘昭注,,明嘉靖七至九年南京国子监刻明万历天啓崇祯弘光清顺治康熙间递修本,刻本,明,江苏,上海图书馆,上海,史部/纪传类/断代之属,,,,,,,,,,,,,,,,,,,,,,,,,,,,,,,,,,,,,,,,,,,,,,,,,,,,,,,,,,,,,,,,,,,,,,,,
后汉书九十卷志三十卷,史10200316,史,刘宋范晔撰　唐李贤注　（志）晋司马彪撰　梁刘昭注,,明嘉靖间汪文盛等刻二十八年周采等重修本,修本,明,,中国科学院图书馆　上海图书馆　天津图书馆,北京 上海 天津,史部/纪传类/断代之属,,,,,,,,,,,,,,,,,,,,,,,,,,,,,,,,,,,,,,,,,,,,,,,,,,,,,,,,,,,,,,,,,,,,,,,,
后汉书九十卷志三十卷,史10200316,史,刘宋范晔撰　唐李贤注　（志）晋司马彪撰　梁刘昭注,,明嘉靖间汪文盛等刻本,刻本,明,,国家图书馆　北京大学图书馆　上海图书馆　华东师范大学图书馆　南京图书馆,北京 上海 江苏,史部/纪传类/断代之属,,,,,,,,,,,,,,,,,,,,,,,,,,,,,,,,,,,,,,,,,,,,,,,,,,,,,,,,,,,,,,,,,,,,,,,,
后汉书九十卷志三十卷,史10200316,史,刘宋范晔撰　唐李贤注　（志）晋司马彪撰　梁刘昭注,,明刻嘉靖十六年广东崇正书院重修本,,明,广东,国家图书馆　上海图书馆　天津图书馆　南京图书馆,北京 上海 天津 江苏,史部/纪传类/断代之属,,,,,,,,,,,,,,,,,,,,,,,,,,,,,,,,,,,,,,,,,,,,,,,,,,,,,,,,,,,,,,,,,,,,,,,,
后汉书九十卷志三十卷,史10200316,史,刘宋范晔撰　唐李贤注　（志）晋司马彪撰　梁刘昭注,,明正统八至十一年刻本,刻本,明,,上海图书馆　南京图书馆,上海 江苏,史部/纪传类/断代之属,,,,,,,,,,,,,,,,,,,,,,,,,,,,,,,,,,,,,,,,,,,,,,,,,,,,,,,,,,,,,,,,,,,,,,,,
后汉书九十卷志三十卷,史10200316,史,刘宋范晔撰　唐李贤注　（志）晋司马彪撰　梁刘昭注,,元大德九年宁国路儒学刻明递修本,修本,明,,国家图书馆　北京大学图书馆　上海图书馆　辽宁省图书馆　山东省图书馆,北京 上海 辽宁 山东,史部/纪传类/断代之属,,,,,,,,,,,,,,,,,,,,,,,,,,,,,,,,,,,,,,,,,,,,,,,,,,,,,,,,,,,,,,,,,,,,,,,,
后汉书九十卷志三十卷,史10200316,史,刘宋范晔撰　唐李贤注　（志）晋司马彪撰　梁刘昭注,,元大德九年宁国路儒学刻本,刻本,元,安徽,国家图书馆,北京,史部/纪传类/断代之属,,,,,,,,,,,,,,,,,,,,,,,,,,,,,,,,,,,,,,,,,,,,,,,,,,,,,,,,,,,,,,,,,,,,,,,,
后汉书九十卷志三十卷,史10200316,史,刘宋范晔撰　唐李贤注　（志）晋司马彪撰　梁刘昭注,,清初影宋抄本（清朱锡庚、翁同书跋，李盛铎跋）,印本,清,,国家图书馆,北京,史部/纪传类/断代之属,,,,,,,,,,,,,,,,,,,,,,,,,,,,,,,,,,,,,,,,,,,,,,,,,,,,,,,,,,,,,,,,,,,,,,,,
后汉书九十卷志三十卷,史10200316,史,刘宋范晔撰　唐李贤注　（志）晋司马彪撰　梁刘昭注,,宋黄善夫刻本,刻本,宋,福建,国家图书馆　北京大学图书馆　上海图书馆　天津图书馆,北京 上海 天津,史部/纪传类/断代之属,,,,,,,,,,,,,,,,,,,,,,,,,,,,,,,,,,,,,,,,,,,,,,,,,,,,,,,,,,,,,,,,,,,,,,,,
后汉书九十卷志三十卷,史10200316,史,刘宋范晔撰　唐李贤注　（志）晋司马彪撰　梁刘昭注,,宋刻元明递修本,修本,明,,国家图书馆,北京,史部/纪传类/断代之属,,,,,,,,,,,,,,,,,,,,,,,,,,,,,,,,,,,,,,,,,,,,,,,,,,,,,,,,,,,,,,,,,,,,,,,,
后汉书九十卷志三十卷,史10200316,史,刘宋范晔撰　唐李贤注　（志）晋司马彪撰　梁刘昭注,,宋刻元修公文纸印本,印本,元,,国家图书馆,北京,史部/纪传类/断代之属,,,,,,,,,,,,,,,,,,,,,,,,,,,,,,,,,,,,,,,,,,,,,,,,,,,,,,,,,,,,,,,,,,,,,,,,
后汉书九十卷志三十卷,史10200316,史,刘宋范晔撰　唐李贤注　（志）晋司马彪撰　梁刘昭注,,宋白鹭洲书院刻本,刻本,宋,江西,国家图书馆,北京,史部/纪传类/断代之属,,,,,,,,,,,,,,,,,,,,,,,,,,,,,,,,,,,,,,,,,,,,,,,,,,,,,,,,,,,,,,,,,,,,,,,,
后汉书九十卷志三十卷,史10200316,史,刘宋范晔撰　唐李贤注　（志）晋司马彪撰　梁刘昭注,,宋王叔边刻本,刻本,宋,福建,国家图书馆,北京,史部/纪传类/断代之属,,,,,,,,,,,,,,,,,,,,,,,,,,,,,,,,,,,,,,,,,,,,,,,,,,,,,,,,,,,,,,,,,,,,,,,,
后汉书九十卷志三十卷,史10200316,史,刘宋范晔撰　唐李贤注　（志）晋司马彪撰　梁刘昭注,,宋绍兴间江南东路转运司刻元明递修本,修本,宋,浙江,上海图书馆,上海,史部/纪传类/断代之属,,,,,,,,,,,,,,,,,,,,,,,,,,,,,,,,,,,,,,,,,,,,,,,,,,,,,,,,,,,,,,,,,,,,,,,,
后汉书九十卷志三十卷,史10200316,史,刘宋范晔撰　唐李贤注　（志）晋司马彪撰　梁刘昭注,,宋绍兴间江南东路转运司刻宋元递修公文纸印本,印本,宋,浙江,上海图书馆,上海,史部/纪传类/断代之属,,,,,,,,,,,,,,,,,,,,,,,,,,,,,,,,,,,,,,,,,,,,,,,,,,,,,,,,,,,,,,,,,,,,,,,,
后汉书九十卷志三十卷,史10200316,史,刘宋范晔撰　唐李贤注　（志）晋司马彪撰　梁刘昭注,,宋绍兴间江南东路转运司刻宋元递修本,修本,宋,浙江,国家图书馆,北京,史部/纪传类/断代之属,,,,,,,,,,,,,,,,,,,,,,,,,,,,,,,,,,,,,,,,,,,,,,,,,,,,,,,,,,,,,,,,,,,,,,,,
后汉书九十卷志三十卷,史10200316,史,刘宋范晔撰　唐李贤注　（志）晋司马彪撰　梁刘昭注,,北宋刻递修本,修本,宋,,国家图书馆,北京,史部/纪传类/断代之属,,,,,,,,,,,,,,,,,,,,,,,,,,,,,,,,,,,,,,,,,,,,,,,,,,,,,,,,,,,,,,,,,,,,,,,,
后汉书九十卷志三十卷,史10200315,史,刘宋范晔撰　唐李贤注　（志）晋司马彪撰　梁刘昭注,,明吴勉学刻本,刻本,明,安徽,国家图书馆　上海图书馆,北京 上海,史部/纪传类/断代之属,,,,,,,,,,,,,,,,,,,,,,,,,,,,,,,,,,,,,,,,,,,,,,,,,,,,,,,,,,,,,,,,,,,,,,,,
陈寿三国志札记不分卷,史10200459,史,,,民国二十六年沈能毅抄本,抄本,民国,,上海图书馆,上海,史部/纪传类/断代之属,,,,,,,,,,,,,,,,,,,,,,,,,,,,,,,,,,,,,,,,,,,,,,,,,,,,,,,,,,,,,,,,,,,,,,,,
三国志六十五卷,史10200414,史,晋陈寿撰　刘宋裴松之注　清邵自彭释,,清嘉庆间稿本（底本用明天啓六年刻修补剜改后印本）,印本,清,,北京大学图书馆,北京,史部/纪传类/断代之属,,,,,,,,,,,,,,,,,,,,,,,,,,,,,,,,,,,,,,,,,,,,,,,,,,,,,,,,,,,,,,,,,,,,,,,,
三国志六十五卷,史10200413,史,晋陈寿撰　刘宋裴松之注　明陈仁锡评,,明末刻本,刻本,明,,上海图书馆,上海,史部/纪传类/断代之属,,,,,,,,,,,,,,,,,,,,,,,,,,,,,,,,,,,,,,,,,,,,,,,,,,,,,,,,,,,,,,,,,,,,,,,,
三国志六十五卷,史10200413,史,晋陈寿撰　刘宋裴松之注　明陈仁锡评,,明天啓间刻本,刻本,明,,国家图书馆,北京,史部/纪传类/断代之属,,,,,,,,,,,,,,,,,,,,,,,,,,,,,,,,,,,,,,,,,,,,,,,,,,,,,,,,,,,,,,,,,,,,,,,,
三国志六十五卷,史10200413,史,晋陈寿撰　刘宋裴松之注　明陈仁锡评,,明天啓间云林积秀堂刻本,刻本,明,,上海图书馆,上海,史部/纪传类/断代之属,,,,,,,,,,,,,,,,,,,,,,,,,,,,,,,,,,,,,,,,,,,,,,,,,,,,,,,,,,,,,,,,,,,,,,,,
三国志六十五卷附考证,史10200411,史,晋陈寿撰　刘宋裴松之注,,四部备要本,印本,民国,,,,史部/纪传类/断代之属,,,,,,,,,,,,,,,,,,,,,,,,,,,,,,,,,,,,,,,,,,,,,,,,,,,,,,,,,,,,,,,,,,,,,,,,
三国志六十五卷附考证,史10200411,史,晋陈寿撰　刘宋裴松之注,,二十五史本,,,,,,史部/纪传类/断代之属,,,,,,,,,,,,,,,,,,,,,,,,,,,,,,,,,,,,,,,,,,,,,,,,,,,,,,,,,,,,,,,,,,,,,,,,
三国志六十五卷附考证,史10200411,史,晋陈寿撰　刘宋裴松之注,,四史本（成都书局本、世界书局景印武英殿本）,刻本 / 印本,清/民国,四川 上海,,,史部/纪传类/断代之属,,,,,,,,,,,,,,,,,,,,,,,,,,,,,,,,,,,,,,,,,,,,,,,,,,,,,,,,,,,,,,,,,,,,,,,,
三国志六十五卷附考证,史10200411,史,晋陈寿撰　刘宋裴松之注,,二十四史本（武英殿本、景印武英殿本）,刻本,清,北京,,,史部/纪传类/断代之属,,,,,,,,,,,,,,,,,,,,,,,,,,,,,,,,,,,,,,,,,,,,,,,,,,,,,,,,,,,,,,,,,,,,,,,,
三国志六十五卷附考证,史10200411,史,晋陈寿撰　刘宋裴松之注,,四库全书本,,清,,,,史部/纪传类/断代之属,,,,,,,,,,,,,,,,,,,,,,,,,,,,,,,,,,,,,,,,,,,,,,,,,,,,,,,,,,,,,,,,,,,,,,,,
三国志六十五卷附考证,史10200411,史,晋陈寿撰　刘宋裴松之注,,摛藻堂四库全书荟要本,印本,现代,台湾,,,史部/纪传类/断代之属,,,,,,,,,,,,,,,,,,,,,,,,,,,,,,,,,,,,,,,,,,,,,,,,,,,,,,,,,,,,,,,,,,,,,,,,
三国志六十五卷,史10200410,史,晋陈寿撰　刘宋裴松之注,,百衲本二十四史本,印本,民国,,,,史部/纪传类/断代之属,,,,,,,,,,,,,,,,,,,,,,,,,,,,,,,,,,,,,,,,,,,,,,,,,,,,,,,,,,,,,,,,,,,,,,,,
三国志六十五卷,史10200410,史,晋陈寿撰　刘宋裴松之注,,清光绪十二年广州澹吟馆刻本,刻本,清,广东,上海图书馆,上海,史部/纪传类/断代之属,,,,,,,,,,,,,,,,,,,,,,,,,,,,,,,,,,,,,,,,,,,,,,,,,,,,,,,,,,,,,,,,,,,,,,,,
三国志六十五卷,史10200410,史,晋陈寿撰　刘宋裴松之注,,清光绪七年文雅斋刻本,刻本,清,,南开大学图书馆,天津,史部/纪传类/断代之属,,,,,,,,,,,,,,,,,,,,,,,,,,,,,,,,,,,,,,,,,,,,,,,,,,,,,,,,,,,,,,,,,,,,,,,,
三国志六十五卷,史10200410,史,晋陈寿撰　刘宋裴松之注,,四史本（刘承干辑）,,,,,,史部/纪传类/断代之属,,,,,,,,,,,,,,,,,,,,,,,,,,,,,,,,,,,,,,,,,,,,,,,,,,,,,,,,,,,,,,,,,,,,,,,,
三国志六十五卷,史10200410,史,晋陈寿撰　刘宋裴松之注,,重刊二十四史本,,,,,,史部/纪传类/断代之属,,,,,,,,,,,,,,,,,,,,,,,,,,,,,,,,,,,,,,,,,,,,,,,,,,,,,,,,,,,,,,,,,,,,,,,,
三国志六十五卷,史10200410,史,晋陈寿撰　刘宋裴松之注,,二十四史本（五省官书局本）,刻本,清,江苏,复旦大学图书馆,上海,史部/纪传类/断代之属,,,,,,,,,,,,,,,,,,,,,,,,,,,,,,,,,,,,,,,,,,,,,,,,,,,,,,,,,,,,,,,,,,,,,,,,
三国志六十五卷,史10200410,史,晋陈寿撰　刘宋裴松之注,,清同治六年金陵书局活字印本,印本,清,江苏,国家图书馆 中国科学院图书馆　上海图书馆　天津图书馆,北京 上海 天津,史部/纪传类/断代之属,,,,,,,,,,,,,,,,,,,,,,,,,,,,,,,,,,,,,,,,,,,,,,,,,,,,,,,,,,,,,,,,,,,,,,,,
三国志六十五卷,史10200410,史,晋陈寿撰　刘宋裴松之注,,二十四史本（武英殿本、景印武英殿本）,刻本,清,北京,浙江图书馆,浙江,史部/纪传类/断代之属,,,,,,,,,,,,,,,,,,,,,,,,,,,,,,,,,,,,,,,,,,,,,,,,,,,,,,,,,,,,,,,,,,,,,,,,
三国志六十五卷,史10200410,史,晋陈寿撰　刘宋裴松之注,,清刻本,刻本,清,,上海图书馆　湖北省图书馆,上海 湖北,史部/纪传类/断代之属,,,,,,,,,,,,,,,,,,,,,,,,,,,,,,,,,,,,,,,,,,,,,,,,,,,,,,,,,,,,,,,,,,,,,,,,
三国志六十五卷,史10200410,史,晋陈寿撰　刘宋裴松之注,,明抄本,抄本,明,,国家图书馆,北京,史部/纪传类/断代之属,,,,,,,,,,,,,,,,,,,,,,,,,,,,,,,,,,,,,,,,,,,,,,,,,,,,,,,,,,,,,,,,,,,,,,,,
三国志六十五卷,史10200410,史,晋陈寿撰　刘宋裴松之注,,明内府抄本（龚心钊跋）,抄本,明,北京,上海图书馆,上海,史部/纪传类/断代之属,,,,,,,,,,,,,,,,,,,,,,,,,,,,,,,,,,,,,,,,,,,,,,,,,,,,,,,,,,,,,,,,,,,,,,,,
三国志六十五卷,史10200410,史,晋陈寿撰　刘宋裴松之注,,十七史本,,清,,国家图书馆　北京市文物局　　上海图书馆　　天津图书馆　陕西师范大学　南京图书馆　苏州市图书馆　　常州市图书馆　　湖南省图书馆　湖南省图书馆师大　中山大学图书馆　国家图书馆,北京 上海 天津 陕西 江苏 湖南 广东,史部/纪传类/断代之属,,,,,,,,,,,,,,,,,,,,,,,,,,,,,,,,,,,,,,,,,,,,,,,,,,,,,,,,,,,,,,,,,,,,,,,,
三国志六十五卷,史10200410,史,晋陈寿撰　刘宋裴松之注,,明吴氏西爽堂刻本,刻本,明,广东,上海图书馆　天津图书馆　吉林省图书馆,上海 天津 吉林,史部/纪传类/断代之属,,,,,,,,,,,,,,,,,,,,,,,,,,,,,,,,,,,,,,,,,,,,,,,,,,,,,,,,,,,,,,,,,,,,,,,,
三国志六十五卷,史10200410,史,晋陈寿撰　刘宋裴松之注,,二十一史本（北监本）,,清,北京,,,史部/纪传类/断代之属,,,,,,,,,,,,,,,,,,,,,,,,,,,,,,,,,,,,,,,,,,,,,,,,,,,,,,,,,,,,,,,,,,,,,,,,
三国志六十五卷,史10200410,史,晋陈寿撰　刘宋裴松之注,,明万历二十四年南京国子监刻本清顺治康熙递修本（清谢章铤校并跋）,修本,清,,福建省图书馆,福建,史部/纪传类/断代之属,,,,,,,,,,,,,,,,,,,,,,,,,,,,,,,,,,,,,,,,,,,,,,,,,,,,,,,,,,,,,,,,,,,,,,,,
三国志六十五卷,史10200410,史,晋陈寿撰　刘宋裴松之注,,明万历二十四年南京国子监刻本,刻本,明,江苏,国家图书馆　上海图书馆 南京图书馆　苏州大学图书馆,北京 上海 江苏,史部/纪传类/断代之属,,,,,,,,,,,,,,,,,,,,,,,,,,,,,,,,,,,,,,,,,,,,,,,,,,,,,,,,,,,,,,,,,,,,,,,,
三国志六十五卷,史10200410,史,晋陈寿撰　刘宋裴松之注,,元刻明嘉靖间南京国子监递修本,修本,明,江苏,上海图书馆,上海,史部/纪传类/断代之属,,,,,,,,,,,,,,,,,,,,,,,,,,,,,,,,,,,,,,,,,,,,,,,,,,,,,,,,,,,,,,,,,,,,,,,,
三国志六十五卷,史10200410,史,晋陈寿撰　刘宋裴松之注,,元刻明嘉靖万历间南京国子监递修本,修本,明,江苏,南京图书馆,江苏,史部/纪传类/断代之属,,,,,,,,,,,,,,,,,,,,,,,,,,,,,,,,,,,,,,,,,,,,,,,,,,,,,,,,,,,,,,,,,,,,,,,,
三国志六十五卷,史10200410,史,晋陈寿撰　刘宋裴松之注,,元大德十年池州路儒学刻本,刻本,元,安徽,国家图书馆　上海图书馆,北京 上海,史部/纪传类/断代之属,,,,,,,,,,,,,,,,,,,,,,,,,,,,,,,,,,,,,,,,,,,,,,,,,,,,,,,,,,,,,,,,,,,,,,,,
三国志六十五卷,史10200410,史,晋陈寿撰　刘宋裴松之注,,宋刻本,刻本,宋,,国家图书馆,北京,史部/纪传类/断代之属,,,,,,,,,,,,,,,,,,,,,,,,,,,,,,,,,,,,,,,,,,,,,,,,,,,,,,,,,,,,,,,,,,,,,,,,
三国志六十五卷,史10200410,史,晋陈寿撰　刘宋裴松之注,,宋刻元明递修本,修本,明 ,,国家图书馆,北京,史部/纪传类/断代之属,,,,,,,,,,,,,,,,,,,,,,,,,,,,,,,,,,,,,,,,,,,,,,,,,,,,,,,,,,,,,,,,,,,,,,,,
三国志六十五卷,史10200410,史,晋陈寿撰　刘宋裴松之注,,宋衢州州学刻元明递修本,修本,明,,北京大学图书馆　上海图书馆,北京 上海,史部/纪传类/断代之属,,,,,,,,,,,,,,,,,,,,,,,,,,,,,,,,,,,,,,,,,,,,,,,,,,,,,,,,,,,,,,,,,,,,,,,,
三国志六十五卷,史10200410,史,晋陈寿撰　刘宋裴松之注,,宋刻递修公文纸印本,印本,宋,,国家图书馆,北京,史部/纪传类/断代之属,,,,,,,,,,,,,,,,,,,,,,,,,,,,,,,,,,,,,,,,,,,,,,,,,,,,,,,,,,,,,,,,,,,,,,,,
三国志佚文一卷,史10200409,史,晋陈寿撰　清王仁俊辑,,经籍佚文本,,,,,,史部/纪传类/断代之属,,,,,,,,,,,,,,,,,,,,,,,,,,,,,,,,,,,,,,,,,,,,,,,,,,,,,,,,,,,,,,,,,,,,,,,,
宋书一百卷附考证,史10200564,史,梁沈约撰,,四部备要本,印本,民国,,,,史部/纪传类/断代之属,,,,,,,,,,,,,,,,,,,,,,,,,,,,,,,,,,,,,,,,,,,,,,,,,,,,,,,,,,,,,,,,,,,,,,,,
宋书一百卷附考证,史10200564,史,梁沈约撰,,二十五史本,,,,,,史部/纪传类/断代之属,,,,,,,,,,,,,,,,,,,,,,,,,,,,,,,,,,,,,,,,,,,,,,,,,,,,,,,,,,,,,,,,,,,,,,,,
宋书一百卷附考证,史10200564,史,梁沈约撰,,二十四史本（武英殿本、景印武英殿本）,刻本,清,北京,,,史部/纪传类/断代之属,,,,,,,,,,,,,,,,,,,,,,,,,,,,,,,,,,,,,,,,,,,,,,,,,,,,,,,,,,,,,,,,,,,,,,,,
宋书一百卷附考证,史10200564,史,梁沈约撰,,四库全书本,,清,,,,史部/纪传类/断代之属,,,,,,,,,,,,,,,,,,,,,,,,,,,,,,,,,,,,,,,,,,,,,,,,,,,,,,,,,,,,,,,,,,,,,,,,
宋书一百卷附考证,史10200564,史,梁沈约撰,,摛藻堂四库全书荟要本,印本,现代,台湾,,,史部/纪传类/断代之属,,,,,,,,,,,,,,,,,,,,,,,,,,,,,,,,,,,,,,,,,,,,,,,,,,,,,,,,,,,,,,,,,,,,,,,,
宋书一百卷,史10200563,史,梁沈约撰,,百衲本二十四史本,印本,民国,,,,史部/纪传类/断代之属,,,,,,,,,,,,,,,,,,,,,,,,,,,,,,,,,,,,,,,,,,,,,,,,,,,,,,,,,,,,,,,,,,,,,,,,
宋书一百卷,史10200563,史,梁沈约撰,,二十四史本（五省官书局本）,刻本,清,江苏,,,史部/纪传类/断代之属,,,,,,,,,,,,,,,,,,,,,,,,,,,,,,,,,,,,,,,,,,,,,,,,,,,,,,,,,,,,,,,,,,,,,,,,
宋书一百卷,史10200563,史,梁沈约撰,,十七史本,,清,,国家图书馆　湖南师范大学图书馆,北京 湖南,史部/纪传类/断代之属,,,,,,,,,,,,,,,,,,,,,,,,,,,,,,,,,,,,,,,,,,,,,,,,,,,,,,,,,,,,,,,,,,,,,,,,
宋书一百卷,史10200563,史,梁沈约撰,,二十一史本（北监本）,,清,北京,山西省文物局,山西,史部/纪传类/断代之属,,,,,,,,,,,,,,,,,,,,,,,,,,,,,,,,,,,,,,,,,,,,,,,,,,,,,,,,,,,,,,,,,,,,,,,,
宋书一百卷,史10200563,史,梁沈约撰,,明万历二十二年南京国子监刻清顺治康熙间递修本,修本,清,,国家图书馆,北京,史部/纪传类/断代之属,,,,,,,,,,,,,,,,,,,,,,,,,,,,,,,,,,,,,,,,,,,,,,,,,,,,,,,,,,,,,,,,,,,,,,,,
宋书一百卷,史10200563,史,梁沈约撰,,宋刻宋元明递修本,修本,明,,国家图书馆　上海图书馆　辽宁省图书馆　南京图书馆　浙江图书馆,北京 上海 江苏 辽宁 浙江,史部/纪传类/断代之属,,,,,,,,,,,,,,,,,,,,,,,,,,,,,,,,,,,,,,,,,,,,,,,,,,,,,,,,,,,,,,,,,,,,,,,,
宋书一百卷,史10200563,史,梁沈约撰,,宋刻宋元明初递修本,修本,明,,上海图书馆,上海,史部/纪传类/断代之属,,,,,,,,,,,,,,,,,,,,,,,,,,,,,,,,,,,,,,,,,,,,,,,,,,,,,,,,,,,,,,,,,,,,,,,,
宋书一百卷,史10200563,史,梁沈约撰,,宋刻宋元递修本,修本,元,,国家图书馆,北京,史部/纪传类/断代之属,,,,,,,,,,,,,,,,,,,,,,,,,,,,,,,,,,,,,,,,,,,,,,,,,,,,,,,,,,,,,,,,,,,,,,,,
南齐书五十九卷附考证,史10200578,史,元萧子显撰,,四部备要本,印本,民国,,,,史部/纪传类/断代之属,,,,,,,,,,,,,,,,,,,,,,,,,,,,,,,,,,,,,,,,,,,,,,,,,,,,,,,,,,,,,,,,,,,,,,,,
南齐书五十九卷附考证,史10200578,史,元萧子显撰,,二十五史本,,,,,,史部/纪传类/断代之属,,,,,,,,,,,,,,,,,,,,,,,,,,,,,,,,,,,,,,,,,,,,,,,,,,,,,,,,,,,,,,,,,,,,,,,,
南齐书五十九卷附考证,史10200578,史,元萧子显撰,,二十四史本（武英殿本、景印武英殿本）,刻本,清,北京,国家图书馆,北京,史部/纪传类/断代之属,,,,,,,,,,,,,,,,,,,,,,,,,,,,,,,,,,,,,,,,,,,,,,,,,,,,,,,,,,,,,,,,,,,,,,,,
南齐书五十九卷附考证,史10200578,史,元萧子显撰,,四库全书本,,清,,,,史部/纪传类/断代之属,,,,,,,,,,,,,,,,,,,,,,,,,,,,,,,,,,,,,,,,,,,,,,,,,,,,,,,,,,,,,,,,,,,,,,,,
南齐书五十九卷附考证,史10200578,史,元萧子显撰,,摛藻堂四库全书荟要本,印本,现代,台湾,,,史部/纪传类/断代之属,,,,,,,,,,,,,,,,,,,,,,,,,,,,,,,,,,,,,,,,,,,,,,,,,,,,,,,,,,,,,,,,,,,,,,,,
南齐书五十九卷,史10200577,史,元萧子显撰,,百衲本二十四史本,印本,民国,,,,史部/纪传类/断代之属,,,,,,,,,,,,,,,,,,,,,,,,,,,,,,,,,,,,,,,,,,,,,,,,,,,,,,,,,,,,,,,,,,,,,,,,
南齐书五十九卷,史10200577,史,元萧子显撰,,重刊二十四史本,,,,,,史部/纪传类/断代之属,,,,,,,,,,,,,,,,,,,,,,,,,,,,,,,,,,,,,,,,,,,,,,,,,,,,,,,,,,,,,,,,,,,,,,,,
南齐书五十九卷,史10200577,史,元萧子显撰,,二十四史本（五省官书局本）,刻本,清,江苏,国家图书馆,北京,史部/纪传类/断代之属,,,,,,,,,,,,,,,,,,,,,,,,,,,,,,,,,,,,,,,,,,,,,,,,,,,,,,,,,,,,,,,,,,,,,,,,
南齐书五十九卷,史10200577,史,元萧子显撰,,十七史本,,清,,,,史部/纪传类/断代之属,,,,,,,,,,,,,,,,,,,,,,,,,,,,,,,,,,,,,,,,,,,,,,,,,,,,,,,,,,,,,,,,,,,,,,,,
南齐书五十九卷,史10200577,史,元萧子显撰,,二十一史本（北监本）,,清,北京,上海图书馆　山西省文物局,上海 山西,史部/纪传类/断代之属,,,,,,,,,,,,,,,,,,,,,,,,,,,,,,,,,,,,,,,,,,,,,,,,,,,,,,,,,,,,,,,,,,,,,,,,
南齐书五十九卷,史10200577,史,元萧子显撰,,二十一史本（南监本）,,清,江苏,,,史部/纪传类/断代之属,,,,,,,,,,,,,,,,,,,,,,,,,,,,,,,,,,,,,,,,,,,,,,,,,,,,,,,,,,,,,,,,,,,,,,,,
南齐书五十九卷,史10200577,史,元萧子显撰,,宋刻宋元明递修本,修本,宋,,国家图书馆　上海图书馆　南京图书馆,北京 上海 江苏,史部/纪传类/断代之属,,,,,,,,,,,,,,,,,,,,,,,,,,,,,,,,,,,,,,,,,,,,,,,,,,,,,,,,,,,,,,,,,,,,,,,,
南齐书五十九卷,史10200577,史,元萧子显撰,,宋刻宋元明初递修本,修本,宋,,国家图书馆,北京,史部/纪传类/断代之属,,,,,,,,,,,,,,,,,,,,,,,,,,,,,,,,,,,,,,,,,,,,,,,,,,,,,,,,,,,,,,,,,,,,,,,,
梁书佚文一卷,史10200587,史,唐姚思廉撰　清王仁俊辑,,经籍佚文本,,,,,,史部/纪传类/断代之属,,,,,,,,,,,,,,,,,,,,,,,,,,,,,,,,,,,,,,,,,,,,,,,,,,,,,,,,,,,,,,,,,,,,,,,,
梁书五十六卷附考证,史10200586,史,唐姚思廉撰,,四部备要本,印本,民国,,,,史部/纪传类/断代之属,,,,,,,,,,,,,,,,,,,,,,,,,,,,,,,,,,,,,,,,,,,,,,,,,,,,,,,,,,,,,,,,,,,,,,,,
梁书五十六卷附考证,史10200586,史,唐姚思廉撰,,二十五史本,,,,,,史部/纪传类/断代之属,,,,,,,,,,,,,,,,,,,,,,,,,,,,,,,,,,,,,,,,,,,,,,,,,,,,,,,,,,,,,,,,,,,,,,,,
梁书五十六卷附考证,史10200586,史,唐姚思廉撰,,二十四史本（武英殿本、景印武英殿本）,刻本,清,北京,国家图书馆,北京,史部/纪传类/断代之属,,,,,,,,,,,,,,,,,,,,,,,,,,,,,,,,,,,,,,,,,,,,,,,,,,,,,,,,,,,,,,,,,,,,,,,,
梁书五十六卷附考证,史10200586,史,唐姚思廉撰,,四库全书本,,清,,,,史部/纪传类/断代之属,,,,,,,,,,,,,,,,,,,,,,,,,,,,,,,,,,,,,,,,,,,,,,,,,,,,,,,,,,,,,,,,,,,,,,,,
梁书五十六卷附考证,史10200586,史,唐姚思廉撰,,摛藻堂四库全书荟要本,印本,现代,台湾,,,史部/纪传类/断代之属,,,,,,,,,,,,,,,,,,,,,,,,,,,,,,,,,,,,,,,,,,,,,,,,,,,,,,,,,,,,,,,,,,,,,,,,
梁书五十六卷,史10200585,史,唐姚思廉撰,,百衲本二十四史本,印本,民国,,,,史部/纪传类/断代之属,,,,,,,,,,,,,,,,,,,,,,,,,,,,,,,,,,,,,,,,,,,,,,,,,,,,,,,,,,,,,,,,,,,,,,,,
梁书五十六卷,史10200585,史,唐姚思廉撰,,重刊二十四史本,史本,,,,,史部/纪传类/断代之属,,,,,,,,,,,,,,,,,,,,,,,,,,,,,,,,,,,,,,,,,,,,,,,,,,,,,,,,,,,,,,,,,,,,,,,,
梁书五十六卷,史10200585,史,唐姚思廉撰,,二十四史本（五省官书局本）,刻本,清,江苏,,,史部/纪传类/断代之属,,,,,,,,,,,,,,,,,,,,,,,,,,,,,,,,,,,,,,,,,,,,,,,,,,,,,,,,,,,,,,,,,,,,,,,,
梁书五十六卷,史10200585,史,唐姚思廉撰,,十七史本,,清,,湖南师范大学图书馆,湖南,史部/纪传类/断代之属,,,,,,,,,,,,,,,,,,,,,,,,,,,,,,,,,,,,,,,,,,,,,,,,,,,,,,,,,,,,,,,,,,,,,,,,
梁书五十六卷,史10200585,史,唐姚思廉撰,,二十一史本（北监本）,,清,北京,山西省文物局,山西,史部/纪传类/断代之属,,,,,,,,,,,,,,,,,,,,,,,,,,,,,,,,,,,,,,,,,,,,,,,,,,,,,,,,,,,,,,,,,,,,,,,,
梁书五十六卷,史10200585,史,唐姚思廉撰,,明万历三年南京国子监刻清顺治康熙间递修本,修本,清,,国家图书馆　上海图书馆　天津图书馆,北京 上海 天津,史部/纪传类/断代之属,,,,,,,,,,,,,,,,,,,,,,,,,,,,,,,,,,,,,,,,,,,,,,,,,,,,,,,,,,,,,,,,,,,,,,,,
梁书五十六卷,史10200585,史,唐姚思廉撰,,宋刻宋元明递修本,修本,宋,,国家图书馆　南京图书馆,北京 江苏,史部/纪传类/断代之属,,,,,,,,,,,,,,,,,,,,,,,,,,,,,,,,,,,,,,,,,,,,,,,,,,,,,,,,,,,,,,,,,,,,,,,,
陈书三十六卷附考证,史10200596,史,唐姚思廉撰,,四部备要本,印本,民国,,,,史部/纪传类/断代之属,,,,,,,,,,,,,,,,,,,,,,,,,,,,,,,,,,,,,,,,,,,,,,,,,,,,,,,,,,,,,,,,,,,,,,,,
陈书三十六卷附考证,史10200596,史,唐姚思廉撰,,二十五史本,,,,,,史部/纪传类/断代之属,,,,,,,,,,,,,,,,,,,,,,,,,,,,,,,,,,,,,,,,,,,,,,,,,,,,,,,,,,,,,,,,,,,,,,,,
陈书三十六卷附考证,史10200596,史,唐姚思廉撰,,二十四史本（武英殿本、景印武英殿本）,刻本,清,北京,国家图书馆,北京,史部/纪传类/断代之属,,,,,,,,,,,,,,,,,,,,,,,,,,,,,,,,,,,,,,,,,,,,,,,,,,,,,,,,,,,,,,,,,,,,,,,,
陈书三十六卷附考证,史10200596,史,唐姚思廉撰,,四库全书本,,清,,,,史部/纪传类/断代之属,,,,,,,,,,,,,,,,,,,,,,,,,,,,,,,,,,,,,,,,,,,,,,,,,,,,,,,,,,,,,,,,,,,,,,,,
陈书三十六卷附考证,史10200596,史,唐姚思廉撰,,摛藻堂四库全书荟要本,印本,现代,台湾,,,史部/纪传类/断代之属,,,,,,,,,,,,,,,,,,,,,,,,,,,,,,,,,,,,,,,,,,,,,,,,,,,,,,,,,,,,,,,,,,,,,,,,
陈书三十六卷,史10200595,史,唐姚思廉撰,,百衲本二十四史本,印本,民国,,,,史部/纪传类/断代之属,,,,,,,,,,,,,,,,,,,,,,,,,,,,,,,,,,,,,,,,,,,,,,,,,,,,,,,,,,,,,,,,,,,,,,,,
陈书三十六卷,史10200595,史,唐姚思廉撰,,重刊二十四史本, , ,,,,史部/纪传类/断代之属,,,,,,,,,,,,,,,,,,,,,,,,,,,,,,,,,,,,,,,,,,,,,,,,,,,,,,,,,,,,,,,,,,,,,,,,
陈书三十六卷,史10200595,史,唐姚思廉撰,,清同治八年岭南苑古堂刻本,刻本,清,福建,香港中央图书馆　中山大学图书馆,香港 广东,史部/纪传类/断代之属,,,,,,,,,,,,,,,,,,,,,,,,,,,,,,,,,,,,,,,,,,,,,,,,,,,,,,,,,,,,,,,,,,,,,,,,
陈书三十六卷,史10200595,史,唐姚思廉撰,,二十四史本（五省官书局本）,刻本,清,江苏,国家图书馆,北京 ,史部/纪传类/断代之属,,,,,,,,,,,,,,,,,,,,,,,,,,,,,,,,,,,,,,,,,,,,,,,,,,,,,,,,,,,,,,,,,,,,,,,,
陈书三十六卷,史10200595,史,唐姚思廉撰,,十七史本,,清,,上海图书馆,上海,史部/纪传类/断代之属,,,,,,,,,,,,,,,,,,,,,,,,,,,,,,,,,,,,,,,,,,,,,,,,,,,,,,,,,,,,,,,,,,,,,,,,
陈书三十六卷,史10200595,史,唐姚思廉撰,,二十一史本（北监本）,,清,北京,山西省文物局,山西,史部/纪传类/断代之属,,,,,,,,,,,,,,,,,,,,,,,,,,,,,,,,,,,,,,,,,,,,,,,,,,,,,,,,,,,,,,,,,,,,,,,,
陈书三十六卷,史10200595,史,唐姚思廉撰,,明万历十六年南京国子监刻本,刻本,明,江苏,北京大学图书馆,北京,史部/纪传类/断代之属,,,,,,,,,,,,,,,,,,,,,,,,,,,,,,,,,,,,,,,,,,,,,,,,,,,,,,,,,,,,,,,,,,,,,,,,
陈书三十六卷,史10200595,史,唐姚思廉撰,,宋刻元明递修本,修本,明,,北京大学图书馆,北京,史部/纪传类/断代之属,,,,,,,,,,,,,,,,,,,,,,,,,,,,,,,,,,,,,,,,,,,,,,,,,,,,,,,,,,,,,,,,,,,,,,,,
陈书三十六卷,史10200595,史,唐姚思廉撰,,宋刻宋元明递修本,修本,明,,国家图书馆　上海图书馆,北京 上海,史部/纪传类/断代之属,,,,,,,,,,,,,,,,,,,,,,,,,,,,,,,,,,,,,,,,,,,,,,,,,,,,,,,,,,,,,,,,,,,,,,,,
陈书三十六卷,史10200595,史,唐姚思廉撰,,宋刻宋元递修本,修本,元,,国家图书馆,北京,史部/纪传类/断代之属,,,,,,,,,,,,,,,,,,,,,,,,,,,,,,,,,,,,,,,,,,,,,,,,,,,,,,,,,,,,,,,,,,,,,,,,
魏书一百十四卷附考证,史10200601,史,北齐魏收撰,,四部备要本,印本,民国,,,,史部/纪传类/断代之属,,,,,,,,,,,,,,,,,,,,,,,,,,,,,,,,,,,,,,,,,,,,,,,,,,,,,,,,,,,,,,,,,,,,,,,,
魏书一百十四卷附考证,史10200601,史,北齐魏收撰,,二十五史本,,,,,,史部/纪传类/断代之属,,,,,,,,,,,,,,,,,,,,,,,,,,,,,,,,,,,,,,,,,,,,,,,,,,,,,,,,,,,,,,,,,,,,,,,,
魏书一百十四卷附考证,史10200601,史,北齐魏收撰,,二十四史本（武英殿本、景印武英殿本）,刻本,清,北京,,,史部/纪传类/断代之属,,,,,,,,,,,,,,,,,,,,,,,,,,,,,,,,,,,,,,,,,,,,,,,,,,,,,,,,,,,,,,,,,,,,,,,,
魏书一百十四卷附考证,史10200601,史,北齐魏收撰,,四库全书本,,清,,,,史部/纪传类/断代之属,,,,,,,,,,,,,,,,,,,,,,,,,,,,,,,,,,,,,,,,,,,,,,,,,,,,,,,,,,,,,,,,,,,,,,,,
魏书一百十四卷附考证,史10200601,史,北齐魏收撰,,摛藻堂四库全书荟要本,印本,现代,台湾,,,史部/纪传类/断代之属,,,,,,,,,,,,,,,,,,,,,,,,,,,,,,,,,,,,,,,,,,,,,,,,,,,,,,,,,,,,,,,,,,,,,,,,
魏书一百十四卷,史10200600,史,北齐魏收撰,,重刊二十四史本,,,,,,史部/纪传类/断代之属,,,,,,,,,,,,,,,,,,,,,,,,,,,,,,,,,,,,,,,,,,,,,,,,,,,,,,,,,,,,,,,,,,,,,,,,
魏书一百十四卷,史10200600,史,北齐魏收撰,,二十四史本（五省官书局本）,刻本,清,江苏,,,史部/纪传类/断代之属,,,,,,,,,,,,,,,,,,,,,,,,,,,,,,,,,,,,,,,,,,,,,,,,,,,,,,,,,,,,,,,,,,,,,,,,
魏书一百十四卷,史10200600,史,北齐魏收撰,,十七史本,,清,,国家图书馆 湖南省图书馆　师大,北京 湖南,史部/纪传类/断代之属,,,,,,,,,,,,,,,,,,,,,,,,,,,,,,,,,,,,,,,,,,,,,,,,,,,,,,,,,,,,,,,,,,,,,,,,
魏书一百十四卷,史10200600,史,北齐魏收撰,,二十一史本（南监本、北监本）,,清,江苏 北京,国家图书馆,北京,史部/纪传类/断代之属,,,,,,,,,,,,,,,,,,,,,,,,,,,,,,,,,,,,,,,,,,,,,,,,,,,,,,,,,,,,,,,,,,,,,,,,
魏书一百十四卷,史10200600,史,北齐魏收撰,,宋刻宋元明递修本,修本,明,,国家图书馆　北京大学图书馆　上海图书馆　天津图书馆　南京图书馆,北京 上海 天津 江苏,史部/纪传类/断代之属,,,,,,,,,,,,,,,,,,,,,,,,,,,,,,,,,,,,,,,,,,,,,,,,,,,,,,,,,,,,,,,,,,,,,,,,
魏书一百十四卷,史10200600,史,北齐魏收撰,,宋刻宋元递修公文纸印本,印本,元,,国家图书馆,北京,史部/纪传类/断代之属,,,,,,,,,,,,,,,,,,,,,,,,,,,,,,,,,,,,,,,,,,,,,,,,,,,,,,,,,,,,,,,,,,,,,,,,
北齐书佚文一卷,史10200620,史,唐李百药撰　清王仁俊辑,,经籍佚文本, , ,,,,史部/纪传类/断代之属,,,,,,,,,,,,,,,,,,,,,,,,,,,,,,,,,,,,,,,,,,,,,,,,,,,,,,,,,,,,,,,,,,,,,,,,
北齐书五十卷附考证,史10200619,史,唐李百药撰,,四部备要本,印本,民国,,,,史部/纪传类/断代之属,,,,,,,,,,,,,,,,,,,,,,,,,,,,,,,,,,,,,,,,,,,,,,,,,,,,,,,,,,,,,,,,,,,,,,,,
北齐书五十卷附考证,史10200619,史,唐李百药撰,,二十五史本,,,,,,史部/纪传类/断代之属,,,,,,,,,,,,,,,,,,,,,,,,,,,,,,,,,,,,,,,,,,,,,,,,,,,,,,,,,,,,,,,,,,,,,,,,
北齐书五十卷附考证,史10200619,史,唐李百药撰,,二十四史本（武英殿本、景印武英殿本）,刻本,清,北京,国家图书馆,北京,史部/纪传类/断代之属,,,,,,,,,,,,,,,,,,,,,,,,,,,,,,,,,,,,,,,,,,,,,,,,,,,,,,,,,,,,,,,,,,,,,,,,
北齐书五十卷附考证,史10200619,史,唐李百药撰,,四库全书本,,清,,,,史部/纪传类/断代之属,,,,,,,,,,,,,,,,,,,,,,,,,,,,,,,,,,,,,,,,,,,,,,,,,,,,,,,,,,,,,,,,,,,,,,,,
北齐书五十卷附考证,史10200619,史,唐李百药撰,,摛藻堂四库全书荟要本,印本,现代,台湾,,,史部/纪传类/断代之属,,,,,,,,,,,,,,,,,,,,,,,,,,,,,,,,,,,,,,,,,,,,,,,,,,,,,,,,,,,,,,,,,,,,,,,,
北齐书五十卷,史10200618,史,唐李百药撰,,百衲本二十四史本,印本,民国,,,,史部/纪传类/断代之属,,,,,,,,,,,,,,,,,,,,,,,,,,,,,,,,,,,,,,,,,,,,,,,,,,,,,,,,,,,,,,,,,,,,,,,,
北齐书五十卷,史10200618,史,唐李百药撰,,重刊二十四史本, , ,,,,史部/纪传类/断代之属,,,,,,,,,,,,,,,,,,,,,,,,,,,,,,,,,,,,,,,,,,,,,,,,,,,,,,,,,,,,,,,,,,,,,,,,
北齐书五十卷,史10200618,史,唐李百药撰,,二十四史本（五省官书局本）,刻本,清,江苏,,,史部/纪传类/断代之属,,,,,,,,,,,,,,,,,,,,,,,,,,,,,,,,,,,,,,,,,,,,,,,,,,,,,,,,,,,,,,,,,,,,,,,,
北齐书五十卷,史10200618,史,唐李百药撰,,十七史本,,清,,国家图书馆,北京,史部/纪传类/断代之属,,,,,,,,,,,,,,,,,,,,,,,,,,,,,,,,,,,,,,,,,,,,,,,,,,,,,,,,,,,,,,,,,,,,,,,,
北齐书五十卷,史10200618,史,唐李百药撰,,二十一史本（北监本）,,清,北京,上海图书馆,上海,史部/纪传类/断代之属,,,,,,,,,,,,,,,,,,,,,,,,,,,,,,,,,,,,,,,,,,,,,,,,,,,,,,,,,,,,,,,,,,,,,,,,
北齐书五十卷,史10200618,史,唐李百药撰,,明万历十六至十七年南京国子监刻本,刻本,明,江苏,上海图书馆　天津图书馆,上海 天津,史部/纪传类/断代之属,,,,,,,,,,,,,,,,,,,,,,,,,,,,,,,,,,,,,,,,,,,,,,,,,,,,,,,,,,,,,,,,,,,,,,,,
北齐书五十卷,史10200618,史,唐李百药撰,,宋刻宋元明递修本,修本,明,,上海图书馆　南京图书馆,上海 江苏,史部/纪传类/断代之属,,,,,,,,,,,,,,,,,,,,,,,,,,,,,,,,,,,,,,,,,,,,,,,,,,,,,,,,,,,,,,,,,,,,,,,,
周书五十卷附考证,史10200627,史,唐令狐德棻等撰,,四部备要本,印本,民国,,,,史部/纪传类/断代之属,,,,,,,,,,,,,,,,,,,,,,,,,,,,,,,,,,,,,,,,,,,,,,,,,,,,,,,,,,,,,,,,,,,,,,,,
周书五十卷附考证,史10200627,史,唐令狐德棻等撰,,二十五史本,,,,,,史部/纪传类/断代之属,,,,,,,,,,,,,,,,,,,,,,,,,,,,,,,,,,,,,,,,,,,,,,,,,,,,,,,,,,,,,,,,,,,,,,,,
周书五十卷附考证,史10200627,史,唐令狐德棻等撰,,二十四史本（武英殿本、景印武英殿本）,刻本,清,北京,,,史部/纪传类/断代之属,,,,,,,,,,,,,,,,,,,,,,,,,,,,,,,,,,,,,,,,,,,,,,,,,,,,,,,,,,,,,,,,,,,,,,,,
周书五十卷附考证,史10200627,史,唐令狐德棻等撰,,四库全书本,,清,,,,史部/纪传类/断代之属,,,,,,,,,,,,,,,,,,,,,,,,,,,,,,,,,,,,,,,,,,,,,,,,,,,,,,,,,,,,,,,,,,,,,,,,
周书五十卷附考证,史10200627,史,唐令狐德棻等撰,,摛藻堂四库全书荟要本,印本,现代,台湾,,,史部/纪传类/断代之属,,,,,,,,,,,,,,,,,,,,,,,,,,,,,,,,,,,,,,,,,,,,,,,,,,,,,,,,,,,,,,,,,,,,,,,,
周书五十卷,史10200626,史,唐令狐德棻等撰,,百衲本二十四史本,印本,民国,,,,史部/纪传类/断代之属,,,,,,,,,,,,,,,,,,,,,,,,,,,,,,,,,,,,,,,,,,,,,,,,,,,,,,,,,,,,,,,,,,,,,,,,
周书五十卷,史10200626,史,唐令狐德棻等撰,,重刊二十四史本, , ,,北京大学图书馆,北京,史部/纪传类/断代之属,,,,,,,,,,,,,,,,,,,,,,,,,,,,,,,,,,,,,,,,,,,,,,,,,,,,,,,,,,,,,,,,,,,,,,,,
周书五十卷,史10200626,史,唐令狐德棻等撰,,二十四史本（五省官书局本）,刻本,清,江苏,国家图书馆,北京,史部/纪传类/断代之属,,,,,,,,,,,,,,,,,,,,,,,,,,,,,,,,,,,,,,,,,,,,,,,,,,,,,,,,,,,,,,,,,,,,,,,,
周书五十卷,史10200626,史,唐令狐德棻等撰,,十七史本,,清,,上海图书馆　湖南省博物馆图书馆,上海 湖南,史部/纪传类/断代之属,,,,,,,,,,,,,,,,,,,,,,,,,,,,,,,,,,,,,,,,,,,,,,,,,,,,,,,,,,,,,,,,,,,,,,,,
周书五十卷,史10200626,史,唐令狐德棻等撰,,二十一史本（北监本）,,清,北京,国家图书馆　山西省文物局,北京 山西,史部/纪传类/断代之属,,,,,,,,,,,,,,,,,,,,,,,,,,,,,,,,,,,,,,,,,,,,,,,,,,,,,,,,,,,,,,,,,,,,,,,,
周书五十卷,史10200626,史,唐令狐德棻等撰,,明万历十六年南京国子监刻明清递修本,修本,清,,国家图书馆　天津图书馆　南京图书馆,北京 天津 江苏,史部/纪传类/断代之属,,,,,,,,,,,,,,,,,,,,,,,,,,,,,,,,,,,,,,,,,,,,,,,,,,,,,,,,,,,,,,,,,,,,,,,,
周书五十卷,史10200626,史,唐令狐德棻等撰,,宋刻宋元明递修本,修本,明,,国家图书馆　上海图书馆　天津图书馆　南京图书馆,北京  上海 天津 江苏,史部/纪传类/断代之属,,,,,,,,,,,,,,,,,,,,,,,,,,,,,,,,,,,,,,,,,,,,,,,,,,,,,,,,,,,,,,,,,,,,,,,,
周书五十卷,史10200626,史,唐令狐德棻等撰,,宋刻元修本,修本,元,,上海图书馆,上海,史部/纪传类/断代之属,,,,,,,,,,,,,,,,,,,,,,,,,,,,,,,,,,,,,,,,,,,,,,,,,,,,,,,,,,,,,,,,,,,,,,,,
隋书经籍志四卷,史10200638,史,唐魏征、长孙无忌等撰,,丛书集成初编本,,,,,,史部/纪传类/断代之属,,,,,,,,,,,,,,,,,,,,,,,,,,,,,,,,,,,,,,,,,,,,,,,,,,,,,,,,,,,,,,,,,,,,,,,,
隋书经籍志四卷,史10200638,史,唐魏征、长孙无忌等撰,,师石山房丛书本,,,,,,史部/纪传类/断代之属,,,,,,,,,,,,,,,,,,,,,,,,,,,,,,,,,,,,,,,,,,,,,,,,,,,,,,,,,,,,,,,,,,,,,,,,
隋书经籍志四卷,史10200638,史,唐魏征、长孙无忌等撰,,八史经籍志本,刻本,清,,,,史部/纪传类/断代之属,,,,,,,,,,,,,,,,,,,,,,,,,,,,,,,,,,,,,,,,,,,,,,,,,,,,,,,,,,,,,,,,,,,,,,,,
隋书经籍志四卷,史10200638,史,唐魏征、长孙无忌等撰,,清光绪八年成都御风楼刻本,刻本,清,四川,国家图书馆,北京,史部/纪传类/断代之属,,,,,,,,,,,,,,,,,,,,,,,,,,,,,,,,,,,,,,,,,,,,,,,,,,,,,,,,,,,,,,,,,,,,,,,,
隋书地理志三卷附考证,史10200632,史,唐魏征等撰,,历代地理志汇编本,,,,,,史部/纪传类/断代之属,,,,,,,,,,,,,,,,,,,,,,,,,,,,,,,,,,,,,,,,,,,,,,,,,,,,,,,,,,,,,,,,,,,,,,,,
隋书八十五卷附考异一卷,史10200631,史,唐魏征、长孙无忌等撰　清薛寿等考异,,二十四史本（五省官书局本）,刻本,清,江苏,,,史部/纪传类/断代之属,,,,,,,,,,,,,,,,,,,,,,,,,,,,,,,,,,,,,,,,,,,,,,,,,,,,,,,,,,,,,,,,,,,,,,,,
隋书八十五卷附考证,史10200630,史,唐魏征、长孙无忌等撰,,四部备要本,印本,民国,,,,史部/纪传类/断代之属,,,,,,,,,,,,,,,,,,,,,,,,,,,,,,,,,,,,,,,,,,,,,,,,,,,,,,,,,,,,,,,,,,,,,,,,
隋书八十五卷附考证,史10200630,史,唐魏征、长孙无忌等撰,,二十五史本,,,,,,史部/纪传类/断代之属,,,,,,,,,,,,,,,,,,,,,,,,,,,,,,,,,,,,,,,,,,,,,,,,,,,,,,,,,,,,,,,,,,,,,,,,
隋书八十五卷附考证,史10200630,史,唐魏征、长孙无忌等撰,,二十四史本（武英殿本、景印武英殿本）,刻本,清,北京,,,史部/纪传类/断代之属,,,,,,,,,,,,,,,,,,,,,,,,,,,,,,,,,,,,,,,,,,,,,,,,,,,,,,,,,,,,,,,,,,,,,,,,
隋书八十五卷附考证,史10200630,史,唐魏征、长孙无忌等撰,,四库全书本,,清,,,,史部/纪传类/断代之属,,,,,,,,,,,,,,,,,,,,,,,,,,,,,,,,,,,,,,,,,,,,,,,,,,,,,,,,,,,,,,,,,,,,,,,,
隋书八十五卷附考证,史10200630,史,唐魏征、长孙无忌等撰,,摛藻堂四库全书荟要本,印本,现代,台湾,,,史部/纪传类/断代之属,,,,,,,,,,,,,,,,,,,,,,,,,,,,,,,,,,,,,,,,,,,,,,,,,,,,,,,,,,,,,,,,,,,,,,,,
隋书八十五卷,史10200629,史,唐魏征、长孙无忌等撰,,百衲本二十四史本,印本,民国,,,,史部/纪传类/断代之属,,,,,,,,,,,,,,,,,,,,,,,,,,,,,,,,,,,,,,,,,,,,,,,,,,,,,,,,,,,,,,,,,,,,,,,,
隋书八十五卷,史10200629,史,唐魏征、长孙无忌等撰,,重刊二十四史本, , ,,,,史部/纪传类/断代之属,,,,,,,,,,,,,,,,,,,,,,,,,,,,,,,,,,,,,,,,,,,,,,,,,,,,,,,,,,,,,,,,,,,,,,,,
隋书八十五卷,史10200629,史,唐魏征、长孙无忌等撰,,十七史本,,清,,国家图书馆　中山大学图书馆,北京 广东,史部/纪传类/断代之属,,,,,,,,,,,,,,,,,,,,,,,,,,,,,,,,,,,,,,,,,,,,,,,,,,,,,,,,,,,,,,,,,,,,,,,,
隋书八十五卷,史10200629,史,唐魏征、长孙无忌等撰,,二十一史本（北监本）,,清,北京,山西省文物局,山西,史部/纪传类/断代之属,,,,,,,,,,,,,,,,,,,,,,,,,,,,,,,,,,,,,,,,,,,,,,,,,,,,,,,,,,,,,,,,,,,,,,,,
隋书八十五卷,史10200629,史,唐魏征、长孙无忌等撰,,明万历二十二至二十三年南京国子监刻明清递修本,修本,清,,国家图书馆,北京,史部/纪传类/断代之属,,,,,,,,,,,,,,,,,,,,,,,,,,,,,,,,,,,,,,,,,,,,,,,,,,,,,,,,,,,,,,,,,,,,,,,,
隋书八十五卷,史10200629,史,唐魏征、长孙无忌等撰,,元至顺三年瑞州路儒学刻明修本,修本,明,江西,国家图书馆　上海图书馆,北京 上海,史部/纪传类/断代之属,,,,,,,,,,,,,,,,,,,,,,,,,,,,,,,,,,,,,,,,,,,,,,,,,,,,,,,,,,,,,,,,,,,,,,,,
隋书八十五卷,史10200629,史,唐魏征、长孙无忌等撰,,元大德间饶州路儒学刻明正德嘉靖间递修本,修本,明,,国家图书馆　上海图书馆,北京 上海,史部/纪传类/断代之属,,,,,,,,,,,,,,,,,,,,,,,,,,,,,,,,,,,,,,,,,,,,,,,,,,,,,,,,,,,,,,,,,,,,,,,,
隋书八十五卷,史10200629,史,唐魏征、长孙无忌等撰,,元大德间饶州路儒学刻明正德嘉靖间递修公文纸印本,印本,明,,国家图书馆,北京,史部/纪传类/断代之属,,,,,,,,,,,,,,,,,,,,,,,,,,,,,,,,,,,,,,,,,,,,,,,,,,,,,,,,,,,,,,,,,,,,,,,,
隋书八十五卷,史10200629,史,唐魏征、长孙无忌等撰,,元大德间饶州路儒学刻明正德十年重修本,修本,明,,南京图书馆,江苏,史部/纪传类/断代之属,,,,,,,,,,,,,,,,,,,,,,,,,,,,,,,,,,,,,,,,,,,,,,,,,,,,,,,,,,,,,,,,,,,,,,,,
隋书八十五卷,史10200629,史,唐魏征、长孙无忌等撰,,宋刻本,刻本,宋,,国家图书馆 上海图书馆,北京 上海,史部/纪传类/断代之属,,,,,,,,,,,,,,,,,,,,,,,,,,,,,,,,,,,,,,,,,,,,,,,,,,,,,,,,,,,,,,,,,,,,,,,,
隋书八十五卷,史10200629,史,唐魏征、长孙无忌等撰,,宋刻递修本,修本,宋,,国家图书馆,北京,史部/纪传类/断代之属,,,,,,,,,,,,,,,,,,,,,,,,,,,,,,,,,,,,,,,,,,,,,,,,,,,,,,,,,,,,,,,,,,,,,,,,
晋书地理志二卷附考证,史10200527,史,唐太宗李世民撰,,历代地理志汇编本, , ,,,,史部/纪传类/断代之属,,,,,,,,,,,,,,,,,,,,,,,,,,,,,,,,,,,,,,,,,,,,,,,,,,,,,,,,,,,,,,,,,,,,,,,,
晋书载记三十卷,史10200521,史,唐太宗李世民撰,,明锺人杰刻本,刻本,明,,吉林大学图书馆,吉林,史部/纪传类/断代之属,,,,,,,,,,,,,,,,,,,,,,,,,,,,,,,,,,,,,,,,,,,,,,,,,,,,,,,,,,,,,,,,,,,,,,,,
删补晋书一百三十卷,史10200520,史,唐房玄龄等撰　明蒋之翘删补并辑评,,明崇祯十二年蒋氏家塾刻本,刻本,明,,国家图书馆　中国科学院图书馆　北京大学图书馆,北京,史部/纪传类/断代之属,,,,,,,,,,,,,,,,,,,,,,,,,,,,,,,,,,,,,,,,,,,,,,,,,,,,,,,,,,,,,,,,,,,,,,,,
晋书一百三十卷,史10200519,史,唐房玄龄等撰　唐何超音义　明锺人杰辑评,,明锺人杰刻本,刻本,明,江苏,天一阁文物保管所,浙江,史部/纪传类/断代之属,,,,,,,,,,,,,,,,,,,,,,,,,,,,,,,,,,,,,,,,,,,,,,,,,,,,,,,,,,,,,,,,,,,,,,,,
晋书一百三十卷音义三卷附考证,史10200518,史,唐房玄龄等撰　唐何超音义,,四部备要本,印本,民国,,,,史部/纪传类/断代之属,,,,,,,,,,,,,,,,,,,,,,,,,,,,,,,,,,,,,,,,,,,,,,,,,,,,,,,,,,,,,,,,,,,,,,,,
晋书一百三十卷音义三卷附考证,史10200518,史,唐房玄龄等撰　唐何超音义,,二十五史本,,,,,,史部/纪传类/断代之属,,,,,,,,,,,,,,,,,,,,,,,,,,,,,,,,,,,,,,,,,,,,,,,,,,,,,,,,,,,,,,,,,,,,,,,,
晋书一百三十卷音义三卷附考证,史10200518,史,唐房玄龄等撰　唐何超音义,,二十四史本（武英殿本、景印武英殿本）,刻本,清,北京,,,史部/纪传类/断代之属,,,,,,,,,,,,,,,,,,,,,,,,,,,,,,,,,,,,,,,,,,,,,,,,,,,,,,,,,,,,,,,,,,,,,,,,
晋书一百三十卷音义三卷附考证,史10200518,史,唐房玄龄等撰　唐何超音义,,四库全书本,,清,,,,史部/纪传类/断代之属,,,,,,,,,,,,,,,,,,,,,,,,,,,,,,,,,,,,,,,,,,,,,,,,,,,,,,,,,,,,,,,,,,,,,,,,
晋书一百三十卷音义三卷附考证,史10200518,史,唐房玄龄等撰　唐何超音义,,摛藻堂四库全书荟要本,印本,现代,台湾,,,史部/纪传类/断代之属,,,,,,,,,,,,,,,,,,,,,,,,,,,,,,,,,,,,,,,,,,,,,,,,,,,,,,,,,,,,,,,,,,,,,,,,
晋书一百三十卷,史10200517,史,唐房玄龄等撰　唐何超音义,,明吴氏西爽堂刻本,刻本,明,广东,国家图书馆　北京大学图书馆　上海图书馆　山西省文物局,北京 上海 山西,史部/纪传类/断代之属,,,,,,,,,,,,,,,,,,,,,,,,,,,,,,,,,,,,,,,,,,,,,,,,,,,,,,,,,,,,,,,,,,,,,,,,
晋书一百三十卷,史10200517,史,唐房玄龄等撰　唐何超音义,,明万历六年周若年、丁孟嘉刻二十四年王亮臣重修本,修本,明,,吉林省图书馆,吉林,史部/纪传类/断代之属,,,,,,,,,,,,,,,,,,,,,,,,,,,,,,,,,,,,,,,,,,,,,,,,,,,,,,,,,,,,,,,,,,,,,,,,
晋书一百三十卷,史10200517,史,唐房玄龄等撰　唐何超音义,,明万历六年周若年、丁孟嘉刻本,刻本,明,,国家图书馆　北京大学图书馆　天津图书馆,北京 天津,史部/纪传类/断代之属,,,,,,,,,,,,,,,,,,,,,,,,,,,,,,,,,,,,,,,,,,,,,,,,,,,,,,,,,,,,,,,,,,,,,,,,
晋书一百三十卷音义三卷,史10200516,史,唐房玄龄等撰　唐何超音义,,重刊二十四史本, , ,,,,史部/纪传类/断代之属,,,,,,,,,,,,,,,,,,,,,,,,,,,,,,,,,,,,,,,,,,,,,,,,,,,,,,,,,,,,,,,,,,,,,,,,
晋书一百三十卷音义三卷,史10200516,史,唐房玄龄等撰　唐何超音义,,二十四史本（五省官书局本）,刻本,清,江苏,,,史部/纪传类/断代之属,,,,,,,,,,,,,,,,,,,,,,,,,,,,,,,,,,,,,,,,,,,,,,,,,,,,,,,,,,,,,,,,,,,,,,,,
晋书一百三十卷音义三卷,史10200516,史,唐房玄龄等撰　唐何超音义,,二十一史本（北监本）,,清,北京,山西省文物局　常州市图书馆,山西 江苏,史部/纪传类/断代之属,,,,,,,,,,,,,,,,,,,,,,,,,,,,,,,,,,,,,,,,,,,,,,,,,,,,,,,,,,,,,,,,,,,,,,,,
晋书一百三十卷音义三卷,史10200516,史,唐房玄龄等撰　唐何超音义,,元刻明正德十年司礼监嘉靖万历间南京国子监递修本,修本,明,江苏,国家图书馆　上海图书馆,北京 上海,史部/纪传类/断代之属,,,,,,,,,,,,,,,,,,,,,,,,,,,,,,,,,,,,,,,,,,,,,,,,,,,,,,,,,,,,,,,,,,,,,,,,
晋书一百三十卷音义三卷,史10200516,史,唐房玄龄等撰　唐何超音义,,元刻明正德十年司礼监嘉靖间南京国子监递修本,修本,明,江苏,南京图书馆,江苏,史部/纪传类/断代之属,,,,,,,,,,,,,,,,,,,,,,,,,,,,,,,,,,,,,,,,,,,,,,,,,,,,,,,,,,,,,,,,,,,,,,,,
晋书一百三十卷音义三卷,史10200516,史,唐房玄龄等撰　唐何超音义,,元刻明修公文纸印本,印本,明,,复旦大学图书馆,上海,史部/纪传类/断代之属,,,,,,,,,,,,,,,,,,,,,,,,,,,,,,,,,,,,,,,,,,,,,,,,,,,,,,,,,,,,,,,,,,,,,,,,
晋书一百三十卷音义三卷,史10200516,史,唐房玄龄等撰　唐何超音义,,元刻明修本,修本,明,,北京大学图书馆　上海图书馆,北京 上海,史部/纪传类/断代之属,,,,,,,,,,,,,,,,,,,,,,,,,,,,,,,,,,,,,,,,,,,,,,,,,,,,,,,,,,,,,,,,,,,,,,,,
晋书佚文一卷,史10200515,史,唐房玄龄等撰　清王仁俊辑,,经籍佚文本, , ,,,,史部/纪传类/断代之属,,,,,,,,,,,,,,,,,,,,,,,,,,,,,,,,,,,,,,,,,,,,,,,,,,,,,,,,,,,,,,,,,,,,,,,,
晋书一百三十卷,史10200514,史,唐房玄龄等撰,,百衲本二十四史本,印本,民国,,,,史部/纪传类/断代之属,,,,,,,,,,,,,,,,,,,,,,,,,,,,,,,,,,,,,,,,,,,,,,,,,,,,,,,,,,,,,,,,,,,,,,,,
晋书一百三十卷,史10200514,史,唐房玄龄等撰,,十七史本,,清,,国家图书馆　上海图书馆　天津图书馆　湖南师范大学图书馆,北京 上海 天津 湖南,史部/纪传类/断代之属,,,,,,,,,,,,,,,,,,,,,,,,,,,,,,,,,,,,,,,,,,,,,,,,,,,,,,,,,,,,,,,,,,,,,,,,
晋书一百三十卷,史10200514,史,唐房玄龄等撰,,元刻本,刻本,元,,扬州市图书馆,江苏,史部/纪传类/断代之属,,,,,,,,,,,,,,,,,,,,,,,,,,,,,,,,,,,,,,,,,,,,,,,,,,,,,,,,,,,,,,,,,,,,,,,,
晋书一百三十卷,史10200514,史,唐房玄龄等撰,,宋嘉泰四年至开禧元年秋浦郡斋刻本,刻本,宋,安徽,国家图书馆,北京,史部/纪传类/断代之属,,,,,,,,,,,,,,,,,,,,,,,,,,,,,,,,,,,,,,,,,,,,,,,,,,,,,,,,,,,,,,,,,,,,,,,,
晋书一百三十卷,史10200514,史,唐房玄龄等撰,,宋刻本,刻本,宋,,国家图书馆,北京,史部/纪传类/断代之属,,,,,,,,,,,,,,,,,,,,,,,,,,,,,,,,,,,,,,,,,,,,,,,,,,,,,,,,,,,,,,,,,,,,,,,,
晋书一百三十卷,史10200514,史,唐房玄龄等撰,,宋刻本,刻本,宋,,南京图书馆,江苏,史部/纪传类/断代之属,,,,,,,,,,,,,,,,,,,,,,,,,,,,,,,,,,,,,,,,,,,,,,,,,,,,,,,,,,,,,,,,,,,,,,,,
晋书一百三十卷,史10200514,史,唐房玄龄等撰,,宋刻本,刻本,宋,,国家图书馆,北京,史部/纪传类/断代之属,,,,,,,,,,,,,,,,,,,,,,,,,,,,,,,,,,,,,,,,,,,,,,,,,,,,,,,,,,,,,,,,,,,,,,,,
南史八十卷,史10200125,史,唐李延寿撰　明张溥评点,,明张溥刻宝书堂印本,印本,明,,上海图书馆,上海,史部/纪传类/通代之属,,,,,,,,,,,,,,,,,,,,,,,,,,,,,,,,,,,,,,,,,,,,,,,,,,,,,,,,,,,,,,,,,,,,,,,,
南史八十卷,史10200125,史,唐李延寿撰　明张溥评点,,明张溥刻丽百堂印本,印本,明,,上海图书馆,上海,史部/纪传类/通代之属,,,,,,,,,,,,,,,,,,,,,,,,,,,,,,,,,,,,,,,,,,,,,,,,,,,,,,,,,,,,,,,,,,,,,,,,
南史八十卷,史10200125,史,唐李延寿撰　明张溥评点,,明张溥刻本,刻本,明,,天津图书馆,天津,史部/纪传类/通代之属,,,,,,,,,,,,,,,,,,,,,,,,,,,,,,,,,,,,,,,,,,,,,,,,,,,,,,,,,,,,,,,,,,,,,,,,
南史八十卷附考证,史10200123,史,唐李延寿撰,,四部备要本,印本,民国,,,,史部/纪传类/通代之属,,,,,,,,,,,,,,,,,,,,,,,,,,,,,,,,,,,,,,,,,,,,,,,,,,,,,,,,,,,,,,,,,,,,,,,,
南史八十卷附考证,史10200123,史,唐李延寿撰,,二十五史本,,,,,,史部/纪传类/通代之属,,,,,,,,,,,,,,,,,,,,,,,,,,,,,,,,,,,,,,,,,,,,,,,,,,,,,,,,,,,,,,,,,,,,,,,,
南史八十卷附考证,史10200123,史,唐李延寿撰,,二十四史本（武英殿本、景印武英殿本）,刻本,清,北京,,,史部/纪传类/通代之属,,,,,,,,,,,,,,,,,,,,,,,,,,,,,,,,,,,,,,,,,,,,,,,,,,,,,,,,,,,,,,,,,,,,,,,,
南史八十卷附考证,史10200123,史,唐李延寿撰,,四库全书本,,清,,,,史部/纪传类/通代之属,,,,,,,,,,,,,,,,,,,,,,,,,,,,,,,,,,,,,,,,,,,,,,,,,,,,,,,,,,,,,,,,,,,,,,,,
南史八十卷附考证,史10200123,史,唐李延寿撰,,摛藻堂四库全书荟要本,印本,现代,台湾,,,史部/纪传类/通代之属,,,,,,,,,,,,,,,,,,,,,,,,,,,,,,,,,,,,,,,,,,,,,,,,,,,,,,,,,,,,,,,,,,,,,,,,
南史二十一卷,史10200122,史,唐李延寿撰,,明抄本,抄本,明,,国家图书馆,北京,史部/纪传类/通代之属,,,,,,,,,,,,,,,,,,,,,,,,,,,,,,,,,,,,,,,,,,,,,,,,,,,,,,,,,,,,,,,,,,,,,,,,
南史八十卷,史10200121,史,唐李延寿撰,,百衲本二十四史本,印本,民国,,,,史部/纪传类/通代之属,,,,,,,,,,,,,,,,,,,,,,,,,,,,,,,,,,,,,,,,,,,,,,,,,,,,,,,,,,,,,,,,,,,,,,,,
南史八十卷,史10200121,史,唐李延寿撰,,二十四史本（五省官书局本）,刻本,清,江苏,,,史部/纪传类/通代之属,,,,,,,,,,,,,,,,,,,,,,,,,,,,,,,,,,,,,,,,,,,,,,,,,,,,,,,,,,,,,,,,,,,,,,,,
南史八十卷,史10200121,史,唐李延寿撰,,清康熙二十五年刻本,刻本,清,,上海图书馆,上海,史部/纪传类/通代之属,,,,,,,,,,,,,,,,,,,,,,,,,,,,,,,,,,,,,,,,,,,,,,,,,,,,,,,,,,,,,,,,,,,,,,,,
南史八十卷,史10200121,史,唐李延寿撰,,十七史本,,清,,国家图书馆　上海图书馆　南京图书馆　湖南师范大学图书馆,北京 上海 江苏 湖南,史部/纪传类/通代之属,,,,,,,,,,,,,,,,,,,,,,,,,,,,,,,,,,,,,,,,,,,,,,,,,,,,,,,,,,,,,,,,,,,,,,,,
南史八十卷,史10200121,史,唐李延寿撰,,二十一史本（北监本）,,清,北京,,,史部/纪传类/通代之属,,,,,,,,,,,,,,,,,,,,,,,,,,,,,,,,,,,,,,,,,,,,,,,,,,,,,,,,,,,,,,,,,,,,,,,,
南史八十卷,史10200121,史,唐李延寿撰,,明万历十六至十九年南京国子监刻明清递修本,修本,清,,国家图书馆　北京大学图书馆　上海图书馆,北京 上海,史部/纪传类/通代之属,,,,,,,,,,,,,,,,,,,,,,,,,,,,,,,,,,,,,,,,,,,,,,,,,,,,,,,,,,,,,,,,,,,,,,,,
南史八十卷,史10200121,史,唐李延寿撰,,元大德十年刻明嘉靖间递修本,修本,明,,国家图书馆　上海图书馆　南京图书馆,北京 上海 江苏,史部/纪传类/通代之属,,,,,,,,,,,,,,,,,,,,,,,,,,,,,,,,,,,,,,,,,,,,,,,,,,,,,,,,,,,,,,,,,,,,,,,,
南史八十卷,史10200121,史,唐李延寿撰,,元大德十年刻明嘉靖元年修本,修本,明,,国家图书馆,北京,史部/纪传类/通代之属,,,,,,,,,,,,,,,,,,,,,,,,,,,,,,,,,,,,,,,,,,,,,,,,,,,,,,,,,,,,,,,,,,,,,,,,
南史八十卷,史10200121,史,唐李延寿撰,,元大德十年刻本,刻本,元,,四川省图书,四川,史部/纪传类/通代之属,,,,,,,,,,,,,,,,,,,,,,,,,,,,,,,,,,,,,,,,,,,,,,,,,,,,,,,,,,,,,,,,,,,,,,,,
南史八十卷,史10200121,史,唐李延寿撰,,宋刻本,刻本,宋,,国家图书馆,北京,史部/纪传类/通代之属,,,,,,,,,,,,,,,,,,,,,,,,,,,,,,,,,,,,,,,,,,,,,,,,,,,,,,,,,,,,,,,,,,,,,,,,
南史八十卷,史10200121,史,唐李延寿撰,,宋刻本,刻本,宋,,国家图书馆,北京,史部/纪传类/通代之属,,,,,,,,,,,,,,,,,,,,,,,,,,,,,,,,,,,,,,,,,,,,,,,,,,,,,,,,,,,,,,,,,,,,,,,,
北史佚文一卷,史10200132,史,唐李延寿撰　清王仁俊辑,,经籍佚文本, , ,,,,史部/纪传类/通代之属,,,,,,,,,,,,,,,,,,,,,,,,,,,,,,,,,,,,,,,,,,,,,,,,,,,,,,,,,,,,,,,,,,,,,,,,
北史一百卷附考证,史10200131,史,唐李延寿撰,,四部备要本,印本,民国,,,,史部/纪传类/通代之属,,,,,,,,,,,,,,,,,,,,,,,,,,,,,,,,,,,,,,,,,,,,,,,,,,,,,,,,,,,,,,,,,,,,,,,,
北史一百卷附考证,史10200131,史,唐李延寿撰,,二十五史本,,,,,,史部/纪传类/通代之属,,,,,,,,,,,,,,,,,,,,,,,,,,,,,,,,,,,,,,,,,,,,,,,,,,,,,,,,,,,,,,,,,,,,,,,,
北史一百卷附考证,史10200131,史,唐李延寿撰,,二十四史本（武英殿本、景印武英殿本）,刻本,清,北京,,,史部/纪传类/通代之属,,,,,,,,,,,,,,,,,,,,,,,,,,,,,,,,,,,,,,,,,,,,,,,,,,,,,,,,,,,,,,,,,,,,,,,,
北史一百卷附考证,史10200131,史,唐李延寿撰,,四库全书本,,清,,,,史部/纪传类/通代之属,,,,,,,,,,,,,,,,,,,,,,,,,,,,,,,,,,,,,,,,,,,,,,,,,,,,,,,,,,,,,,,,,,,,,,,,
北史一百卷附考证,史10200131,史,唐李延寿撰,,摛藻堂四库全书荟要本,印本,现代,台湾,,,史部/纪传类/通代之属,,,,,,,,,,,,,,,,,,,,,,,,,,,,,,,,,,,,,,,,,,,,,,,,,,,,,,,,,,,,,,,,,,,,,,,,
北史一百卷,史10200130,史,唐李延寿撰,,百衲本二十四史本,印本,民国,,,,史部/纪传类/通代之属,,,,,,,,,,,,,,,,,,,,,,,,,,,,,,,,,,,,,,,,,,,,,,,,,,,,,,,,,,,,,,,,,,,,,,,,
北史一百卷,史10200130,史,唐李延寿撰,,光绪二十八年文澜书局刻本,刻本,清,,国家图书馆,北京,史部/纪传类/通代之属,,,,,,,,,,,,,,,,,,,,,,,,,,,,,,,,,,,,,,,,,,,,,,,,,,,,,,,,,,,,,,,,,,,,,,,,
北史一百卷,史10200130,史,唐李延寿撰,,二十四史本（五省官书局本）,刻本,清,江苏,,,史部/纪传类/通代之属,,,,,,,,,,,,,,,,,,,,,,,,,,,,,,,,,,,,,,,,,,,,,,,,,,,,,,,,,,,,,,,,,,,,,,,,
北史一百卷,史10200130,史,唐李延寿撰,,明抄本（存卷七十一至七十二、七十九至八十二）,抄本,明,,天津图书馆,天津,史部/纪传类/通代之属,,,,,,,,,,,,,,,,,,,,,,,,,,,,,,,,,,,,,,,,,,,,,,,,,,,,,,,,,,,,,,,,,,,,,,,,
北史一百卷,史10200130,史,唐李延寿撰,,十七史本,,清,,国家图书馆　上海图书馆　湖南师范大学图书馆,北京 上海 湖南,史部/纪传类/通代之属,,,,,,,,,,,,,,,,,,,,,,,,,,,,,,,,,,,,,,,,,,,,,,,,,,,,,,,,,,,,,,,,,,,,,,,,
北史一百卷,史10200130,史,唐李延寿撰,,二十一史本（北监本）,,清,北京,山西省文物局,山西,史部/纪传类/通代之属,,,,,,,,,,,,,,,,,,,,,,,,,,,,,,,,,,,,,,,,,,,,,,,,,,,,,,,,,,,,,,,,,,,,,,,,
北史一百卷,史10200130,史,唐李延寿撰,,明万历十九至二十一年南京国子监刻清顺治重修本,修本,清,,国家图书馆,北京,史部/纪传类/通代之属,,,,,,,,,,,,,,,,,,,,,,,,,,,,,,,,,,,,,,,,,,,,,,,,,,,,,,,,,,,,,,,,,,,,,,,,
北史一百卷,史10200130,史,唐李延寿撰,,明初刻本,刻本,明,,国家图书馆　上海图书馆　浙江图书馆,北京 上海 浙江,史部/纪传类/通代之属,,,,,,,,,,,,,,,,,,,,,,,,,,,,,,,,,,,,,,,,,,,,,,,,,,,,,,,,,,,,,,,,,,,,,,,,
北史一百卷,史10200130,史,唐李延寿撰,,元大德间信州路儒学刻明嘉靖间递修本,修本,明,,国家图书馆　南京图书馆　浙江图书馆,北京 江苏 浙江,史部/纪传类/通代之属,,,,,,,,,,,,,,,,,,,,,,,,,,,,,,,,,,,,,,,,,,,,,,,,,,,,,,,,,,,,,,,,,,,,,,,,
北史一百卷,史10200130,史,唐李延寿撰,,元大德间信州路儒学刻明嘉靖元年修本,修本,明,,国家图书馆,北京,史部/纪传类/通代之属,,,,,,,,,,,,,,,,,,,,,,,,,,,,,,,,,,,,,,,,,,,,,,,,,,,,,,,,,,,,,,,,,,,,,,,,
北史一百卷,史10200130,史,唐李延寿撰,,元大德间信州路儒学刻本,刻本,元,江苏 浙江,国家图书馆,北京,史部/纪传类/通代之属,,,,,,,,,,,,,,,,,,,,,,,,,,,,,,,,,,,,,,,,,,,,,,,,,,,,,,,,,,,,,,,,,,,,,,,,
北史一百卷,史10200130,史,唐李延寿撰,,宋刻本,刻本,宋,,国家图书馆,北京,史部/纪传类/通代之属,,,,,,,,,,,,,,,,,,,,,,,,,,,,,,,,,,,,,,,,,,,,,,,,,,,,,,,,,,,,,,,,,,,,,,,,
五代史记七十四卷附考证,史10200151,史,宋欧阳修撰　宋徐无党注,,四部备要本,印本,民国,,,,史部/纪传类/通代之属,,,,,,,,,,,,,,,,,,,,,,,,,,,,,,,,,,,,,,,,,,,,,,,,,,,,,,,,,,,,,,,,,,,,,,,,
五代史记七十四卷附考证,史10200151,史,宋欧阳修撰　宋徐无党注,,二十五史本,,,,,,史部/纪传类/通代之属,,,,,,,,,,,,,,,,,,,,,,,,,,,,,,,,,,,,,,,,,,,,,,,,,,,,,,,,,,,,,,,,,,,,,,,,
五代史记七十四卷附考证,史10200151,史,宋欧阳修撰　宋徐无党注,,二十四史本（武英殿本、景印武英殿本）,刻本,清,北京,,,史部/纪传类/通代之属,,,,,,,,,,,,,,,,,,,,,,,,,,,,,,,,,,,,,,,,,,,,,,,,,,,,,,,,,,,,,,,,,,,,,,,,
五代史记七十四卷附考证,史10200151,史,宋欧阳修撰　宋徐无党注,,四库全书本（五代史）,,清,,,,史部/纪传类/通代之属,,,,,,,,,,,,,,,,,,,,,,,,,,,,,,,,,,,,,,,,,,,,,,,,,,,,,,,,,,,,,,,,,,,,,,,,
五代史记七十四卷附考证,史10200151,史,宋欧阳修撰　宋徐无党注,,摛藻堂四库全书荟要本（五代史）,印本,现代,台湾,,,史部/纪传类/通代之属,,,,,,,,,,,,,,,,,,,,,,,,,,,,,,,,,,,,,,,,,,,,,,,,,,,,,,,,,,,,,,,,,,,,,,,,
五代史记七十四卷,史10200150,史,宋欧阳修撰　宋徐无党注,,百衲本二十四史本,印本,民国,,,,史部/纪传类/通代之属,,,,,,,,,,,,,,,,,,,,,,,,,,,,,,,,,,,,,,,,,,,,,,,,,,,,,,,,,,,,,,,,,,,,,,,,
五代史记七十四卷,史10200150,史,宋欧阳修撰　宋徐无党注,,清宣统三年刘氏玉海堂影宋刻本,刻本,清,,国家图书馆　北京大学图书馆　南京图书馆,北京 江苏,史部/纪传类/通代之属,,,,,,,,,,,,,,,,,,,,,,,,,,,,,,,,,,,,,,,,,,,,,,,,,,,,,,,,,,,,,,,,,,,,,,,,
五代史记七十四卷,史10200150,史,宋欧阳修撰　宋徐无党注,,重刊二十四史本, , ,,,,史部/纪传类/通代之属,,,,,,,,,,,,,,,,,,,,,,,,,,,,,,,,,,,,,,,,,,,,,,,,,,,,,,,,,,,,,,,,,,,,,,,,
五代史记七十四卷,史10200150,史,宋欧阳修撰　宋徐无党注,,二十四史本（五省官书局本，五代史）,刻本,清,江苏,国家图书馆,北京,史部/纪传类/通代之属,,,,,,,,,,,,,,,,,,,,,,,,,,,,,,,,,,,,,,,,,,,,,,,,,,,,,,,,,,,,,,,,,,,,,,,,
五代史记七十四卷,史10200150,史,宋欧阳修撰　宋徐无党注,,二十四史本（成都书局本，五代史）,刻本,清,四川,国家图书馆,北京,史部/纪传类/通代之属,,,,,,,,,,,,,,,,,,,,,,,,,,,,,,,,,,,,,,,,,,,,,,,,,,,,,,,,,,,,,,,,,,,,,,,,
五代史记七十四卷,史10200150,史,宋欧阳修撰　宋徐无党注,,清道光间刻本,刻本,清,,南京图书馆,江苏,史部/纪传类/通代之属,,,,,,,,,,,,,,,,,,,,,,,,,,,,,,,,,,,,,,,,,,,,,,,,,,,,,,,,,,,,,,,,,,,,,,,,
五代史记七十四卷,史10200150,史,宋欧阳修撰　宋徐无党注,,清乾隆十一年刻本,刻本,清,,南京图书馆,江苏,史部/纪传类/通代之属,,,,,,,,,,,,,,,,,,,,,,,,,,,,,,,,,,,,,,,,,,,,,,,,,,,,,,,,,,,,,,,,,,,,,,,,
五代史记七十四卷,史10200150,史,宋欧阳修撰　宋徐无党注,,十七史本（五代史）,,清,,国家图书馆　中共中央党校图书馆　故宫博物院图书馆　上海图书馆　浙江图书馆　中山大学图书馆,北京 上海 浙江 广东,史部/纪传类/通代之属,,,,,,,,,,,,,,,,,,,,,,,,,,,,,,,,,,,,,,,,,,,,,,,,,,,,,,,,,,,,,,,,,,,,,,,,
五代史记七十四卷,史10200150,史,宋欧阳修撰　宋徐无党注,,二十一史本（北监本）,,清,北京,山西省文物局,山西,史部/纪传类/通代之属,,,,,,,,,,,,,,,,,,,,,,,,,,,,,,,,,,,,,,,,,,,,,,,,,,,,,,,,,,,,,,,,,,,,,,,,
五代史记七十四卷,史10200150,史,宋欧阳修撰　宋徐无党注,,明抄本,抄本,明,,国家图书馆,北京,史部/纪传类/通代之属,,,,,,,,,,,,,,,,,,,,,,,,,,,,,,,,,,,,,,,,,,,,,,,,,,,,,,,,,,,,,,,,,,,,,,,,
五代史记七十四卷,史10200150,史,宋欧阳修撰　宋徐无党注,,明欧阳徽柔刻本,刻本,明,,北京师范大学图书馆　湖北省图书馆,北京 湖北,史部/纪传类/通代之属,,,,,,,,,,,,,,,,,,,,,,,,,,,,,,,,,,,,,,,,,,,,,,,,,,,,,,,,,,,,,,,,,,,,,,,,
五代史记七十四卷,史10200150,史,宋欧阳修撰　宋徐无党注,,明万历四年南京国子监刻本,刻本,明,江苏,国家图书馆　上海图书馆　天津图书馆,北京 上海 天津,史部/纪传类/通代之属,,,,,,,,,,,,,,,,,,,,,,,,,,,,,,,,,,,,,,,,,,,,,,,,,,,,,,,,,,,,,,,,,,,,,,,,
五代史记七十四卷,史10200150,史,宋欧阳修撰　宋徐无党注,,明嘉靖间汪文盛等刻本,刻本,明,,国家图书馆　上海图书馆　天津图书馆　山东省图书馆　南京图书馆,北京 上海 天津 山东 江苏,史部/纪传类/通代之属,,,,,,,,,,,,,,,,,,,,,,,,,,,,,,,,,,,,,,,,,,,,,,,,,,,,,,,,,,,,,,,,,,,,,,,,
五代史记七十四卷,史10200150,史,宋欧阳修撰　宋徐无党注,,元刻明嘉靖间修本,修本,明,,北京大学图书馆　上海图书馆　天津图书馆　辽宁省图书馆　南京图书馆,北京 上海 天津 辽宁 江苏,史部/纪传类/通代之属,,,,,,,,,,,,,,,,,,,,,,,,,,,,,,,,,,,,,,,,,,,,,,,,,,,,,,,,,,,,,,,,,,,,,,,,
五代史记七十四卷,史10200150,史,宋欧阳修撰　宋徐无党注,,元宗文书院刻明修本,修本,明,,国家图书馆,北京,史部/纪传类/通代之属,,,,,,,,,,,,,,,,,,,,,,,,,,,,,,,,,,,,,,,,,,,,,,,,,,,,,,,,,,,,,,,,,,,,,,,,
五代史记七十四卷,史10200150,史,宋欧阳修撰　宋徐无党注,,元宗文书院刻本,刻本,元,浙江,国家图书馆,北京,史部/纪传类/通代之属,,,,,,,,,,,,,,,,,,,,,,,,,,,,,,,,,,,,,,,,,,,,,,,,,,,,,,,,,,,,,,,,,,,,,,,,
五代史记七十四卷,史10200150,史,宋欧阳修撰　宋徐无党注,,宋刻元明递修本,修本,明,,国家图书馆,北京,史部/纪传类/通代之属,,,,,,,,,,,,,,,,,,,,,,,,,,,,,,,,,,,,,,,,,,,,,,,,,,,,,,,,,,,,,,,,,,,,,,,,
五代史记七十四卷,史10200150,史,宋欧阳修撰　宋徐无党注,,宋刻本,刻本,宋,,国家图书馆,北京,史部/纪传类/通代之属,,,,,,,,,,,,,,,,,,,,,,,,,,,,,,,,,,,,,,,,,,,,,,,,,,,,,,,,,,,,,,,,,,,,,,,,
五代史记七十四卷,史10200150,史,宋欧阳修撰　宋徐无党注,,宋刻元修本,修本,元,,国家图书馆,北京,史部/纪传类/通代之属,,,,,,,,,,,,,,,,,,,,,,,,,,,,,,,,,,,,,,,,,,,,,,,,,,,,,,,,,,,,,,,,,,,,,,,,
五代史记七十四卷,史10200150,史,宋欧阳修撰　宋徐无党注,,宋刻本,刻本,宋,,国家图书馆,北京,史部/纪传类/通代之属,,,,,,,,,,,,,,,,,,,,,,,,,,,,,,,,,,,,,,,,,,,,,,,,,,,,,,,,,,,,,,,,,,,,,,,,
唐书艺文志四卷,史10200666,史,宋欧阳修、宋祁等撰,,丛书集成初编本, , ,,,,史部/纪传类/断代之属,,,,,,,,,,,,,,,,,,,,,,,,,,,,,,,,,,,,,,,,,,,,,,,,,,,,,,,,,,,,,,,,,,,,,,,,
唐书艺文志四卷,史10200666,史,宋欧阳修、宋祁等撰,,择是居丛书初集本,刻本,清,浙江,,,史部/纪传类/断代之属,,,,,,,,,,,,,,,,,,,,,,,,,,,,,,,,,,,,,,,,,,,,,,,,,,,,,,,,,,,,,,,,,,,,,,,,
唐书艺文志四卷,史10200666,史,宋欧阳修、宋祁等撰,,八史经籍志本, , ,,,,史部/纪传类/断代之属,,,,,,,,,,,,,,,,,,,,,,,,,,,,,,,,,,,,,,,,,,,,,,,,,,,,,,,,,,,,,,,,,,,,,,,,
唐书地理志七卷附考证,史10200662,史,宋欧阳修、宋祁等撰,,历代地理志汇编本, , ,,,,史部/纪传类/断代之属,,,,,,,,,,,,,,,,,,,,,,,,,,,,,,,,,,,,,,,,,,,,,,,,,,,,,,,,,,,,,,,,,,,,,,,,
唐书二百二十五卷释音二十五卷附考证,史10200661,史,宋欧阳修、宋祁等撰　宋董冲释音,,四部备要本,印本,民国,,,,史部/纪传类/断代之属,,,,,,,,,,,,,,,,,,,,,,,,,,,,,,,,,,,,,,,,,,,,,,,,,,,,,,,,,,,,,,,,,,,,,,,,
唐书二百二十五卷释音二十五卷附考证,史10200661,史,宋欧阳修、宋祁等撰　宋董冲释音,,二十四史本（武英殿本、景印武英殿本）,刻本,清,北京,,,史部/纪传类/断代之属,,,,,,,,,,,,,,,,,,,,,,,,,,,,,,,,,,,,,,,,,,,,,,,,,,,,,,,,,,,,,,,,,,,,,,,,
唐书二百二十五卷释音二十五卷附考证,史10200661,史,宋欧阳修、宋祁等撰　宋董冲释音,,四库全书本（新唐书）,,清,,,,史部/纪传类/断代之属,,,,,,,,,,,,,,,,,,,,,,,,,,,,,,,,,,,,,,,,,,,,,,,,,,,,,,,,,,,,,,,,,,,,,,,,
唐书二百二十五卷释音二十五卷附考证,史10200661,史,宋欧阳修、宋祁等撰　宋董冲释音,,摛藻堂四库全书荟要本（新唐书）,印本,现代,台湾,,,史部/纪传类/断代之属,,,,,,,,,,,,,,,,,,,,,,,,,,,,,,,,,,,,,,,,,,,,,,,,,,,,,,,,,,,,,,,,,,,,,,,,
唐书二百二十五卷释音二十五卷,史10200660,史,宋欧阳修、宋祁等撰　宋董冲释音,,重刊二十四史本, , ,,,,史部/纪传类/断代之属,,,,,,,,,,,,,,,,,,,,,,,,,,,,,,,,,,,,,,,,,,,,,,,,,,,,,,,,,,,,,,,,,,,,,,,,
唐书二百二十五卷释音二十五卷,史10200660,史,宋欧阳修、宋祁等撰　宋董冲释音,,二十一史本（北监本）,,清,北京,山西省文物局,山西,史部/纪传类/断代之属,,,,,,,,,,,,,,,,,,,,,,,,,,,,,,,,,,,,,,,,,,,,,,,,,,,,,,,,,,,,,,,,,,,,,,,,
唐书二百二十五卷释音二十五卷,史10200660,史,宋欧阳修、宋祁等撰　宋董冲释音,,元大德九年建康路儒学刻明清递修本,修本,清,,天津图书馆,天津,史部/纪传类/断代之属,,,,,,,,,,,,,,,,,,,,,,,,,,,,,,,,,,,,,,,,,,,,,,,,,,,,,,,,,,,,,,,,,,,,,,,,
唐书二百二十五卷释音二十五卷,史10200660,史,宋欧阳修、宋祁等撰　宋董冲释音,,元大德九年建康路儒学刻明成化弘治嘉靖万历间南京国子监递修本,修本,明,江苏,上海图书馆,上海,史部/纪传类/断代之属,,,,,,,,,,,,,,,,,,,,,,,,,,,,,,,,,,,,,,,,,,,,,,,,,,,,,,,,,,,,,,,,,,,,,,,,
唐书二百二十五卷释音二十五卷,史10200660,史,宋欧阳修、宋祁等撰　宋董冲释音,,元大德九年建康路儒学刻明成化弘治嘉靖间南京国子监递修本,修本,明,江苏,上海图书馆,上海 ,史部/纪传类/断代之属,,,,,,,,,,,,,,,,,,,,,,,,,,,,,,,,,,,,,,,,,,,,,,,,,,,,,,,,,,,,,,,,,,,,,,,,
唐书二百二十五卷释音二十五卷,史10200660,史,宋欧阳修、宋祁等撰　宋董冲释音,,元大德九年建康路儒学刻明成化弘治间南京国子监递修本,修本,明,江苏,南京图书馆,江苏,史部/纪传类/断代之属,,,,,,,,,,,,,,,,,,,,,,,,,,,,,,,,,,,,,,,,,,,,,,,,,,,,,,,,,,,,,,,,,,,,,,,,
唐书二百二十五卷释音二十五卷,史10200660,史,宋欧阳修、宋祁等撰　宋董冲释音,,元大德九年建康路儒学刻本,刻本,元,江苏,国家图书馆,北京,史部/纪传类/断代之属,,,,,,,,,,,,,,,,,,,,,,,,,,,,,,,,,,,,,,,,,,,,,,,,,,,,,,,,,,,,,,,,,,,,,,,,
唐书二百二十五卷,史10200659,史,宋欧阳修、宋祁等撰,,百衲本二十四史本,印本,民国,,,,史部/纪传类/断代之属,,,,,,,,,,,,,,,,,,,,,,,,,,,,,,,,,,,,,,,,,,,,,,,,,,,,,,,,,,,,,,,,,,,,,,,,
唐书二百二十五卷,史10200659,史,宋欧阳修、宋祁等撰,,二十四史本（五省官书局本）,刻本,清,江苏,,,史部/纪传类/断代之属,,,,,,,,,,,,,,,,,,,,,,,,,,,,,,,,,,,,,,,,,,,,,,,,,,,,,,,,,,,,,,,,,,,,,,,,
唐书二百二十五卷,史10200659,史,宋欧阳修、宋祁等撰,,十七史本,,清,,国家图书馆 南京图书馆　湖南省图书馆 湖南省图书馆师大,北京 江苏 湖南,史部/纪传类/断代之属,,,,,,,,,,,,,,,,,,,,,,,,,,,,,,,,,,,,,,,,,,,,,,,,,,,,,,,,,,,,,,,,,,,,,,,,
唐书二百二十五卷,史10200659,史,宋欧阳修、宋祁等撰,,明欧阳徽柔刻本,刻本,明,,国家图书馆,北京,史部/纪传类/断代之属,,,,,,,,,,,,,,,,,,,,,,,,,,,,,,,,,,,,,,,,,,,,,,,,,,,,,,,,,,,,,,,,,,,,,,,,
唐书二百二十五卷,史10200659,史,宋欧阳修、宋祁等撰,,元大德九年建康路儒学刻明成化弘治嘉靖万历崇祯间南京国子监递修本,修本,明,江苏,上海图书馆,上海,史部/纪传类/断代之属,,,,,,,,,,,,,,,,,,,,,,,,,,,,,,,,,,,,,,,,,,,,,,,,,,,,,,,,,,,,,,,,,,,,,,,,
唐书二百二十五卷目录二卷,史10200658,史,宋欧阳修、宋祁等撰,,元刻明递修本,修本,明,,国家图书馆　上海图书馆,北京 上海,史部/纪传类/断代之属,,,,,,,,,,,,,,,,,,,,,,,,,,,,,,,,,,,,,,,,,,,,,,,,,,,,,,,,,,,,,,,,,,,,,,,,
唐书二百二十五卷目录二卷,史10200658,史,宋欧阳修、宋祁等撰,,元刻明修本,修本,明,,上海图书馆,上海,史部/纪传类/断代之属,,,,,,,,,,,,,,,,,,,,,,,,,,,,,,,,,,,,,,,,,,,,,,,,,,,,,,,,,,,,,,,,,,,,,,,,
唐书二百二十五卷目录二卷,史10200658,史,宋欧阳修、宋祁等撰,,元刻本,刻本,元,,国家图书馆,北京,史部/纪传类/断代之属,,,,,,,,,,,,,,,,,,,,,,,,,,,,,,,,,,,,,,,,,,,,,,,,,,,,,,,,,,,,,,,,,,,,,,,,
唐书二百二十五卷目录二卷,史10200658,史,宋欧阳修、宋祁等撰,,宋刻本,刻本,宋,,国家图书馆,北京,史部/纪传类/断代之属,,,,,,,,,,,,,,,,,,,,,,,,,,,,,,,,,,,,,,,,,,,,,,,,,,,,,,,,,,,,,,,,,,,,,,,,
唐书二百二十五卷目录二卷,史10200658,史,宋欧阳修、宋祁等撰,,宋刻本,刻本,宋,,国家图书馆,北京,史部/纪传类/断代之属,,,,,,,,,,,,,,,,,,,,,,,,,,,,,,,,,,,,,,,,,,,,,,,,,,,,,,,,,,,,,,,,,,,,,,,,
唐书二百二十五卷目录二卷,史10200658,史,宋欧阳修、宋祁等撰,,宋刻本,刻本,宋,,国家图书馆,北京,史部/纪传类/断代之属,,,,,,,,,,,,,,,,,,,,,,,,,,,,,,,,,,,,,,,,,,,,,,,,,,,,,,,,,,,,,,,,,,,,,,,,
唐书二百二十五卷目录二卷,史10200658,史,宋欧阳修、宋祁等撰,,宋绍兴间刻宋元递修公文纸印本,印本,元,,国家图书馆,北京,史部/纪传类/断代之属,,,,,,,,,,,,,,,,,,,,,,,,,,,,,,,,,,,,,,,,,,,,,,,,,,,,,,,,,,,,,,,,,,,,,,,,
辽史地理志五卷,史10200730,史,元脱脱等撰,,历代地理志汇编本, , ,,,,史部/纪传类/断代之属,,,,,,,,,,,,,,,,,,,,,,,,,,,,,,,,,,,,,,,,,,,,,,,,,,,,,,,,,,,,,,,,,,,,,,,,
辽史一百十五卷,史10200722,史,元托克托（脱脱）等撰,,重刊二十四史本, , ,,,,史部/纪传类/断代之属,,,,,,,,,,,,,,,,,,,,,,,,,,,,,,,,,,,,,,,,,,,,,,,,,,,,,,,,,,,,,,,,,,,,,,,,
辽史一百十五卷,史10200722,史,元托克托（脱脱）等撰,,清内府抄本,抄本,清,北京,故宫博物院图书馆,北京,史部/纪传类/断代之属,,,,,,,,,,,,,,,,,,,,,,,,,,,,,,,,,,,,,,,,,,,,,,,,,,,,,,,,,,,,,,,,,,,,,,,,
辽史一百十六卷附考证,史10200721,史,元脱脱等撰,,四部备要本,印本,民国,,,,史部/纪传类/断代之属,,,,,,,,,,,,,,,,,,,,,,,,,,,,,,,,,,,,,,,,,,,,,,,,,,,,,,,,,,,,,,,,,,,,,,,,
辽史一百十六卷附考证,史10200721,史,元脱脱等撰,,二十五史本, , ,,,,史部/纪传类/断代之属,,,,,,,,,,,,,,,,,,,,,,,,,,,,,,,,,,,,,,,,,,,,,,,,,,,,,,,,,,,,,,,,,,,,,,,,
辽史一百十六卷附考证,史10200721,史,元脱脱等撰,,二十四史本（武英殿本、景印武英殿本、五省官书局本）,刻本,清,北京 江苏,,,史部/纪传类/断代之属,,,,,,,,,,,,,,,,,,,,,,,,,,,,,,,,,,,,,,,,,,,,,,,,,,,,,,,,,,,,,,,,,,,,,,,,
辽史一百十六卷附考证,史10200721,史,元脱脱等撰,,四库全书本,,清,,,,史部/纪传类/断代之属,,,,,,,,,,,,,,,,,,,,,,,,,,,,,,,,,,,,,,,,,,,,,,,,,,,,,,,,,,,,,,,,,,,,,,,,
辽史一百十六卷附考证,史10200721,史,元脱脱等撰,,摛藻堂四库全书荟要本,印本,现代,台湾,,,史部/纪传类/断代之属,,,,,,,,,,,,,,,,,,,,,,,,,,,,,,,,,,,,,,,,,,,,,,,,,,,,,,,,,,,,,,,,,,,,,,,,
辽史一百十六卷,史10200720,史,元脱脱等撰,,百衲本二十四史本,印本,民国,,,,史部/纪传类/断代之属,,,,,,,,,,,,,,,,,,,,,,,,,,,,,,,,,,,,,,,,,,,,,,,,,,,,,,,,,,,,,,,,,,,,,,,,
辽史一百十六卷,史10200720,史,元脱脱等撰,,二十一史本（北监本）,,清,北京,,,史部/纪传类/断代之属,,,,,,,,,,,,,,,,,,,,,,,,,,,,,,,,,,,,,,,,,,,,,,,,,,,,,,,,,,,,,,,,,,,,,,,,
辽史一百十六卷,史10200720,史,元脱脱等撰,,明嘉靖八年南京国子监刻明清递修本,修本,清,,中山大学图书馆,广东,史部/纪传类/断代之属,,,,,,,,,,,,,,,,,,,,,,,,,,,,,,,,,,,,,,,,,,,,,,,,,,,,,,,,,,,,,,,,,,,,,,,,
辽史一百十六卷,史10200720,史,元脱脱等撰,,明嘉靖八年南京国子监刻万历四年重修本,修本,明,,国家图书馆,北京,史部/纪传类/断代之属,,,,,,,,,,,,,,,,,,,,,,,,,,,,,,,,,,,,,,,,,,,,,,,,,,,,,,,,,,,,,,,,,,,,,,,,
辽史一百十六卷,史10200720,史,元脱脱等撰,,明嘉靖八年南京国子监刻本,刻本,明,江苏,复旦大学图书馆,上海,史部/纪传类/断代之属,,,,,,,,,,,,,,,,,,,,,,,,,,,,,,,,,,,,,,,,,,,,,,,,,,,,,,,,,,,,,,,,,,,,,,,,
辽史一百十六卷,史10200720,史,元脱脱等撰,,明初刻递修本,修本,明,,国家图书馆,北京,史部/纪传类/断代之属,,,,,,,,,,,,,,,,,,,,,,,,,,,,,,,,,,,,,,,,,,,,,,,,,,,,,,,,,,,,,,,,,,,,,,,,
辽史一百十六卷,史10200720,史,元脱脱等撰,,明初刻本,刻本,明,,国家图书馆　上海图书馆,北京 上海,史部/纪传类/断代之属,,,,,,,,,,,,,,,,,,,,,,,,,,,,,,,,,,,,,,,,,,,,,,,,,,,,,,,,,,,,,,,,,,,,,,,,
宋史道学传四卷,史10200707,史,元脱脱等撰,,明刻本,刻本,明,,国家图书馆　上海图书馆,北京 上海,史部/纪传类/断代之属,,,,,,,,,,,,,,,,,,,,,,,,,,,,,,,,,,,,,,,,,,,,,,,,,,,,,,,,,,,,,,,,,,,,,,,,
宋史道学传四卷,史10200707,史,元脱脱等撰,,明成化二十年天台陈氏广东刻本,刻本,明,广东,台湾图书馆,台湾,史部/纪传类/断代之属,,,,,,,,,,,,,,,,,,,,,,,,,,,,,,,,,,,,,,,,,,,,,,,,,,,,,,,,,,,,,,,,,,,,,,,,
宋史艺文志八卷,史10200702,史,元脱脱等撰,,丛书集成初编本, ,   ,,,,史部/纪传类/断代之属,,,,,,,,,,,,,,,,,,,,,,,,,,,,,,,,,,,,,,,,,,,,,,,,,,,,,,,,,,,,,,,,,,,,,,,,
宋史艺文志八卷,史10200702,史,元脱脱等撰,,八史经籍志本, , ,,,,史部/纪传类/断代之属,,,,,,,,,,,,,,,,,,,,,,,,,,,,,,,,,,,,,,,,,,,,,,,,,,,,,,,,,,,,,,,,,,,,,,,,
宋史地理志六卷附考证,史10200698,史,元脱脱等撰,,历代地理志汇编本, , ,,,,史部/纪传类/断代之属,,,,,,,,,,,,,,,,,,,,,,,,,,,,,,,,,,,,,,,,,,,,,,,,,,,,,,,,,,,,,,,,,,,,,,,,
宋史四百九十六卷附考证,史10200695,史,元脱脱等撰,,四部备要本,印本,民国,,,,史部/纪传类/断代之属,,,,,,,,,,,,,,,,,,,,,,,,,,,,,,,,,,,,,,,,,,,,,,,,,,,,,,,,,,,,,,,,,,,,,,,,
宋史四百九十六卷附考证,史10200695,史,元脱脱等撰,,二十五史本,,,,,,史部/纪传类/断代之属,,,,,,,,,,,,,,,,,,,,,,,,,,,,,,,,,,,,,,,,,,,,,,,,,,,,,,,,,,,,,,,,,,,,,,,,
宋史四百九十六卷附考证,史10200695,史,元脱脱等撰,,二十四史本（武英殿本、景印武英殿本）,刻本,清,北京,,,史部/纪传类/断代之属,,,,,,,,,,,,,,,,,,,,,,,,,,,,,,,,,,,,,,,,,,,,,,,,,,,,,,,,,,,,,,,,,,,,,,,,
宋史四百九十六卷附考证,史10200695,史,元脱脱等撰,,四库全书本,,清,,,,史部/纪传类/断代之属,,,,,,,,,,,,,,,,,,,,,,,,,,,,,,,,,,,,,,,,,,,,,,,,,,,,,,,,,,,,,,,,,,,,,,,,
宋史四百九十六卷附考证,史10200695,史,元脱脱等撰,,摛藻堂四库全书荟要本,印本,现代,台湾,,,史部/纪传类/断代之属,,,,,,,,,,,,,,,,,,,,,,,,,,,,,,,,,,,,,,,,,,,,,,,,,,,,,,,,,,,,,,,,,,,,,,,,
宋史四百九十六卷目录三卷,史10200694,史,元脱脱等撰,,百衲本二十四史本,印本,民国,,,,史部/纪传类/断代之属,,,,,,,,,,,,,,,,,,,,,,,,,,,,,,,,,,,,,,,,,,,,,,,,,,,,,,,,,,,,,,,,,,,,,,,,
宋史四百九十六卷目录三卷,史10200694,史,元脱脱等撰,,重刊二十四史本, , ,,,,史部/纪传类/断代之属,,,,,,,,,,,,,,,,,,,,,,,,,,,,,,,,,,,,,,,,,,,,,,,,,,,,,,,,,,,,,,,,,,,,,,,,
宋史四百九十六卷目录三卷,史10200694,史,元脱脱等撰,,二十四史本（五省官书局本）,刻本,清,江苏,国家图书馆,北京,史部/纪传类/断代之属,,,,,,,,,,,,,,,,,,,,,,,,,,,,,,,,,,,,,,,,,,,,,,,,,,,,,,,,,,,,,,,,,,,,,,,,
宋史四百九十六卷目录三卷,史10200694,史,元脱脱等撰,,明刻本,刻本,明,,北京大学图书馆,北京,史部/纪传类/断代之属,,,,,,,,,,,,,,,,,,,,,,,,,,,,,,,,,,,,,,,,,,,,,,,,,,,,,,,,,,,,,,,,,,,,,,,,
宋史四百九十六卷目录三卷,史10200694,史,元脱脱等撰,,二十一史本（北监本）,,清,北京,山西省文物局,山西,史部/纪传类/断代之属,,,,,,,,,,,,,,,,,,,,,,,,,,,,,,,,,,,,,,,,,,,,,,,,,,,,,,,,,,,,,,,,,,,,,,,,
宋史四百九十六卷目录三卷,史10200694,史,元脱脱等撰,,明成化七至十六年朱英刻明清南京国子监递修本,修本,明,江苏,天津图书馆　山东省博物馆,天津 山东,史部/纪传类/断代之属,,,,,,,,,,,,,,,,,,,,,,,,,,,,,,,,,,,,,,,,,,,,,,,,,,,,,,,,,,,,,,,,,,,,,,,,
宋史四百九十六卷目录三卷,史10200694,史,元脱脱等撰,,明成化七至十六年朱英刻嘉靖万历间南京国子监递修本,修本,明,江苏,国家图书馆 上海,北京 上海,史部/纪传类/断代之属,,,,,,,,,,,,,,,,,,,,,,,,,,,,,,,,,,,,,,,,,,,,,,,,,,,,,,,,,,,,,,,,,,,,,,,,
宋史四百九十六卷目录三卷,史10200694,史,元脱脱等撰,,明成化七至十六年朱英刻嘉靖间南京国子监重修本,修本,明,江苏,北京大学图书馆　上海图书馆,北京 上海,史部/纪传类/断代之属,,,,,,,,,,,,,,,,,,,,,,,,,,,,,,,,,,,,,,,,,,,,,,,,,,,,,,,,,,,,,,,,,,,,,,,,
宋史四百九十六卷目录三卷,史10200694,史,元脱脱等撰,,明成化七至十六年朱英刻本,刻本,明,,国家图书馆　南京图书馆,北京 江苏,史部/纪传类/断代之属,,,,,,,,,,,,,,,,,,,,,,,,,,,,,,,,,,,,,,,,,,,,,,,,,,,,,,,,,,,,,,,,,,,,,,,,
宋史四百九十六卷,史10200693,史,元脱脱等撰,,元至正六年江浙等处行中书省刻本,刻本,元,江苏 浙江,国家图书馆,北京,史部/纪传类/断代之属,,,,,,,,,,,,,,,,,,,,,,,,,,,,,,,,,,,,,,,,,,,,,,,,,,,,,,,,,,,,,,,,,,,,,,,,
金史地理志三卷,史10200747,史,元脱脱等撰,,历代地理志汇编本, , ,,,,史部/纪传类/断代之属,,,,,,,,,,,,,,,,,,,,,,,,,,,,,,,,,,,,,,,,,,,,,,,,,,,,,,,,,,,,,,,,,,,,,,,,
金史一百三十五卷钦定金国语解一卷,史10200741,史,元托克托（脱脱）等撰,,清内府抄本（存卷一至七十）,抄本,清,北京,故宫博物院图书馆,北京,史部/纪传类/断代之属,,,,,,,,,,,,,,,,,,,,,,,,,,,,,,,,,,,,,,,,,,,,,,,,,,,,,,,,,,,,,,,,,,,,,,,,
金史一百三十五卷附考证,史10200740,史,元脱脱等撰,,四部备要本,印本,民国,,,,史部/纪传类/断代之属,,,,,,,,,,,,,,,,,,,,,,,,,,,,,,,,,,,,,,,,,,,,,,,,,,,,,,,,,,,,,,,,,,,,,,,,
金史一百三十五卷附考证,史10200740,史,元脱脱等撰,,二十五史本,,,,,,史部/纪传类/断代之属,,,,,,,,,,,,,,,,,,,,,,,,,,,,,,,,,,,,,,,,,,,,,,,,,,,,,,,,,,,,,,,,,,,,,,,,
金史一百三十五卷附考证,史10200740,史,元脱脱等撰,,二十四史本（武英殿本、景印武英殿本、五省官书局本）,刻本,清,北京 江苏,,,史部/纪传类/断代之属,,,,,,,,,,,,,,,,,,,,,,,,,,,,,,,,,,,,,,,,,,,,,,,,,,,,,,,,,,,,,,,,,,,,,,,,
金史一百三十五卷附考证,史10200740,史,元脱脱等撰,,四库全书本,,清,,,,史部/纪传类/断代之属,,,,,,,,,,,,,,,,,,,,,,,,,,,,,,,,,,,,,,,,,,,,,,,,,,,,,,,,,,,,,,,,,,,,,,,,
金史一百三十五卷附考证,史10200740,史,元脱脱等撰,,摛藻堂四库全书荟要本,印本,现代,台湾,,,史部/纪传类/断代之属,,,,,,,,,,,,,,,,,,,,,,,,,,,,,,,,,,,,,,,,,,,,,,,,,,,,,,,,,,,,,,,,,,,,,,,,
金史一百三十五卷目录二卷,史10200739,史,元脱脱等撰,,百衲本二十四史本,印本,民国,,,,史部/纪传类/断代之属,,,,,,,,,,,,,,,,,,,,,,,,,,,,,,,,,,,,,,,,,,,,,,,,,,,,,,,,,,,,,,,,,,,,,,,,
金史一百三十五卷目录二卷,史10200739,史,元脱脱等撰,,重刊二十四史本, , ,,,,史部/纪传类/断代之属,,,,,,,,,,,,,,,,,,,,,,,,,,,,,,,,,,,,,,,,,,,,,,,,,,,,,,,,,,,,,,,,,,,,,,,,
金史一百三十五卷目录二卷,史10200739,史,元脱脱等撰,,明内府抄本（存卷二至四、七至二十、二十二至二十八、三十二至六十五、七十至七十四、七十八至九十四、九十七至一百十八、一百二十一至一百三十一、一百三十四至一百三十五）,抄本,明,北京,国家图书馆,北京,史部/纪传类/断代之属,,,,,,,,,,,,,,,,,,,,,,,,,,,,,,,,,,,,,,,,,,,,,,,,,,,,,,,,,,,,,,,,,,,,,,,,
金史一百三十五卷目录二卷,史10200739,史,元脱脱等撰,,二十一史本（北监本）,,清,北京,,,史部/纪传类/断代之属,,,,,,,,,,,,,,,,,,,,,,,,,,,,,,,,,,,,,,,,,,,,,,,,,,,,,,,,,,,,,,,,,,,,,,,,
金史一百三十五卷目录二卷,史10200739,史,元脱脱等撰,,明嘉靖八年南京国子监刻本,刻本,明,江苏,北京大学图书馆　天津图书馆,北京 天津,史部/纪传类/断代之属,,,,,,,,,,,,,,,,,,,,,,,,,,,,,,,,,,,,,,,,,,,,,,,,,,,,,,,,,,,,,,,,,,,,,,,,
金史一百三十五卷目录二卷,史10200739,史,元脱脱等撰,,明初刻递修本,修本,明,,国家图书馆,北京,史部/纪传类/断代之属,,,,,,,,,,,,,,,,,,,,,,,,,,,,,,,,,,,,,,,,,,,,,,,,,,,,,,,,,,,,,,,,,,,,,,,,
金史一百三十五卷目录二卷,史10200739,史,元脱脱等撰,,明初刻本,刻本,明,,国家图书馆,北京,史部/纪传类/断代之属,,,,,,,,,,,,,,,,,,,,,,,,,,,,,,,,,,,,,,,,,,,,,,,,,,,,,,,,,,,,,,,,,,,,,,,,
金史一百三十五卷目录二卷,史10200739,史,元脱脱等撰,,元末刻本,刻本,元,,北京大学图书馆,北京,史部/纪传类/断代之属,,,,,,,,,,,,,,,,,,,,,,,,,,,,,,,,,,,,,,,,,,,,,,,,,,,,,,,,,,,,,,,,,,,,,,,,
金史一百三十五卷目录二卷,史10200739,史,元脱脱等撰,,元至正五年刻明印本,印本,明,,北京大学图书馆,北京,史部/纪传类/断代之属,,,,,,,,,,,,,,,,,,,,,,,,,,,,,,,,,,,,,,,,,,,,,,,,,,,,,,,,,,,,,,,,,,,,,,,,
金史一百三十五卷目录二卷,史10200739,史,元脱脱等撰,,元至正五年江浙等处行中书省刻本,刻本,元,江苏 浙江,国家图书馆,北京,史部/纪传类/断代之属,,,,,,,,,,,,,,,,,,,,,,,,,,,,,,,,,,,,,,,,,,,,,,,,,,,,,,,,,,,,,,,,,,,,,,,,
元史地理志六卷,史10200770,史,明宋濂、王褘等撰,,历代地理志汇编本, , ,,,,史部/纪传类/断代之属,,,,,,,,,,,,,,,,,,,,,,,,,,,,,,,,,,,,,,,,,,,,,,,,,,,,,,,,,,,,,,,,,,,,,,,,
元史二百十卷附考证,史10200766,史,明宋濂、王褘等撰,,四部备要本,印本,民国,,,,史部/纪传类/断代之属,,,,,,,,,,,,,,,,,,,,,,,,,,,,,,,,,,,,,,,,,,,,,,,,,,,,,,,,,,,,,,,,,,,,,,,,
元史二百十卷附考证,史10200766,史,明宋濂、王褘等撰,,二十五史本,,,,,,史部/纪传类/断代之属,,,,,,,,,,,,,,,,,,,,,,,,,,,,,,,,,,,,,,,,,,,,,,,,,,,,,,,,,,,,,,,,,,,,,,,,
元史二百十卷附考证,史10200766,史,明宋濂、王褘等撰,,二十四史本（武英殿本、景印武英殿本、五省官书局本）,刻本,清,北京 江苏,,,史部/纪传类/断代之属,,,,,,,,,,,,,,,,,,,,,,,,,,,,,,,,,,,,,,,,,,,,,,,,,,,,,,,,,,,,,,,,,,,,,,,,
元史二百十卷附考证,史10200766,史,明宋濂、王褘等撰,,四库全书本,,清,,,,史部/纪传类/断代之属,,,,,,,,,,,,,,,,,,,,,,,,,,,,,,,,,,,,,,,,,,,,,,,,,,,,,,,,,,,,,,,,,,,,,,,,
元史二百十卷附考证,史10200766,史,明宋濂、王褘等撰,,摛藻堂四库全书荟要本,印本,现代,台湾,,,史部/纪传类/断代之属,,,,,,,,,,,,,,,,,,,,,,,,,,,,,,,,,,,,,,,,,,,,,,,,,,,,,,,,,,,,,,,,,,,,,,,,
元史五卷,史10200765,史,明宋濂、王褘等撰,,明抄本,抄本,明,,国家图书馆,北京,史部/纪传类/断代之属,,,,,,,,,,,,,,,,,,,,,,,,,,,,,,,,,,,,,,,,,,,,,,,,,,,,,,,,,,,,,,,,,,,,,,,,
元史二百十卷目录二卷,史10200764,史,明宋濂、王褘等撰,,百衲本二十四史本,印本,民国,,,,史部/纪传类/断代之属,,,,,,,,,,,,,,,,,,,,,,,,,,,,,,,,,,,,,,,,,,,,,,,,,,,,,,,,,,,,,,,,,,,,,,,,
元史二百十卷目录二卷,史10200764,史,明宋濂、王褘等撰,,重刊二十四史本, , ,,,,史部/纪传类/断代之属,,,,,,,,,,,,,,,,,,,,,,,,,,,,,,,,,,,,,,,,,,,,,,,,,,,,,,,,,,,,,,,,,,,,,,,,
元史二百十卷目录二卷,史10200764,史,明宋濂、王褘等撰,,清内府抄本,抄本,清,北京,故宫博物院图书馆,北京,史部/纪传类/断代之属,,,,,,,,,,,,,,,,,,,,,,,,,,,,,,,,,,,,,,,,,,,,,,,,,,,,,,,,,,,,,,,,,,,,,,,,
元史二百十卷目录二卷,史10200764,史,明宋濂、王褘等撰,,二十一史本（北监本）,,清,北京,国家图书馆,北京,史部/纪传类/断代之属,,,,,,,,,,,,,,,,,,,,,,,,,,,,,,,,,,,,,,,,,,,,,,,,,,,,,,,,,,,,,,,,,,,,,,,,
元史二百十卷目录二卷,史10200764,史,明宋濂、王褘等撰,,明洪武三年内府刻嘉靖万历间南京国子监递修本,修本,明,江苏,南京图书馆,江苏,史部/纪传类/断代之属,,,,,,,,,,,,,,,,,,,,,,,,,,,,,,,,,,,,,,,,,,,,,,,,,,,,,,,,,,,,,,,,,,,,,,,,
元史二百十卷目录二卷,史10200764,史,明宋濂、王褘等撰,,明洪武三年内府刻嘉靖九至十年南京国子监递修本,修本,明,江苏,国家图书馆　北京大学图书馆　上海图书馆,北京 上海,史部/纪传类/断代之属,,,,,,,,,,,,,,,,,,,,,,,,,,,,,,,,,,,,,,,,,,,,,,,,,,,,,,,,,,,,,,,,,,,,,,,,
元史二百十卷目录二卷,史10200764,史,明宋濂、王褘等撰,,明洪武三年内府刻本,刻本,明,北京,国家图书馆　南京图书馆,北京 江苏,史部/纪传类/断代之属,,,,,,,,,,,,,,,,,,,,,,,,,,,,,,,,,,,,,,,,,,,,,,,,,,,,,,,,,,,,,,,,,,,,,,,,
明史艺文志四卷,史10200848,史,清张廷玉等撰,,丛书集成初编本, , ,,,,史部/纪传类/断代之属,,,,,,,,,,,,,,,,,,,,,,,,,,,,,,,,,,,,,,,,,,,,,,,,,,,,,,,,,,,,,,,,,,,,,,,,
明史艺文志四卷,史10200848,史,清张廷玉等撰,,八史经籍志本, , ,,,,史部/纪传类/断代之属,,,,,,,,,,,,,,,,,,,,,,,,,,,,,,,,,,,,,,,,,,,,,,,,,,,,,,,,,,,,,,,,,,,,,,,,
明史地理志六卷,史10200839,史,清张廷玉等撰,,历代地理志汇编本, , ,,,,史部/纪传类/断代之属,,,,,,,,,,,,,,,,,,,,,,,,,,,,,,,,,,,,,,,,,,,,,,,,,,,,,,,,,,,,,,,,,,,,,,,,
明史本纪二十四卷附原本补本异同录一卷,史10200837,史,清张廷玉等撰,,民国二十一年故宫博物院影印清武英殿本,印本,民国,北京,北京大学图书馆　上海图书馆　南京图书馆,北京 上海 江苏,史部/纪传类/断代之属,,,,,,,,,,,,,,,,,,,,,,,,,,,,,,,,,,,,,,,,,,,,,,,,,,,,,,,,,,,,,,,,,,,,,,,,
明史本纪十卷,史10200836,史,清张廷玉等撰,,清初熊氏下学堂抄本,抄本,清,江西,上海图书馆,上海,史部/纪传类/断代之属,,,,,,,,,,,,,,,,,,,,,,,,,,,,,,,,,,,,,,,,,,,,,,,,,,,,,,,,,,,,,,,,,,,,,,,,
明史三百三十二卷附考证,史10200835,史,清张廷玉等撰,,四部备要本,印本,民国,,,,史部/纪传类/断代之属,,,,,,,,,,,,,,,,,,,,,,,,,,,,,,,,,,,,,,,,,,,,,,,,,,,,,,,,,,,,,,,,,,,,,,,,
明史三百三十二卷附考证,史10200835,史,清张廷玉等撰,,二十四史本（武英殿本、景印武英殿本）,刻本,清,北京,,,史部/纪传类/断代之属,,,,,,,,,,,,,,,,,,,,,,,,,,,,,,,,,,,,,,,,,,,,,,,,,,,,,,,,,,,,,,,,,,,,,,,,
明史三百三十二卷附考证,史10200835,史,清张廷玉等撰,,四库全书本,,清,,,,史部/纪传类/断代之属,,,,,,,,,,,,,,,,,,,,,,,,,,,,,,,,,,,,,,,,,,,,,,,,,,,,,,,,,,,,,,,,,,,,,,,,
明史三百三十二卷附考证,史10200835,史,清张廷玉等撰,,摛藻堂四库全书荟要本,印本,现代,台湾,,,史部/纪传类/断代之属,,,,,,,,,,,,,,,,,,,,,,,,,,,,,,,,,,,,,,,,,,,,,,,,,,,,,,,,,,,,,,,,,,,,,,,,
明史三百三十二卷,史10200834,史,清张廷玉撰,,二十五史本,,,,,,史部/纪传类/断代之属,,,,,,,,,,,,,,,,,,,,,,,,,,,,,,,,,,,,,,,,,,,,,,,,,,,,,,,,,,,,,,,,,,,,,,,,
明史三百三十二卷,史10200834,史,清张廷玉撰,,百衲本二十四史本,印本,民国,,,,史部/纪传类/断代之属,,,,,,,,,,,,,,,,,,,,,,,,,,,,,,,,,,,,,,,,,,,,,,,,,,,,,,,,,,,,,,,,,,,,,,,,
明史三百三十二卷,史10200834,史,清张廷玉撰,,重刊二十四史本, , ,,,,史部/纪传类/断代之属,,,,,,,,,,,,,,,,,,,,,,,,,,,,,,,,,,,,,,,,,,,,,,,,,,,,,,,,,,,,,,,,,,,,,,,,
明史三百三十二卷,史10200834,史,清张廷玉撰,,二十四史本（五省官书局本）,刻本,清,江苏,,,史部/纪传类/断代之属,,,,,,,,,,,,,,,,,,,,,,,,,,,,,,,,,,,,,,,,,,,,,,,,,,,,,,,,,,,,,,,,,,,,,,,,
敕修明史三百三十二卷目录四卷,史10200833,史,清张廷玉等撰,,清抄本（存卷二百八十三至二百八十五、二百八十九至二百九十一）,抄本,清,,山西省文物局,山西,史部/纪传类/断代之属,,,,,,,,,,,,,,,,,,,,,,,,,,,,,,,,,,,,,,,,,,,,,,,,,,,,,,,,,,,,,,,,,,,,,,,,
旧唐书经籍志二卷,史10200652,史,后晋刘昫等撰,,丛书集成初编本, , ,,,,史部/纪传类/断代之属,,,,,,,,,,,,,,,,,,,,,,,,,,,,,,,,,,,,,,,,,,,,,,,,,,,,,,,,,,,,,,,,,,,,,,,,
旧唐书经籍志二卷,史10200652,史,后晋刘昫等撰,,八史经籍志本, , ,,,,史部/纪传类/断代之属,,,,,,,,,,,,,,,,,,,,,,,,,,,,,,,,,,,,,,,,,,,,,,,,,,,,,,,,,,,,,,,,,,,,,,,,
旧唐书地理志四卷附考证,史10200651,史,后晋刘昫等撰,,历代地理志汇编本, , ,,,,史部/纪传类/断代之属,,,,,,,,,,,,,,,,,,,,,,,,,,,,,,,,,,,,,,,,,,,,,,,,,,,,,,,,,,,,,,,,,,,,,,,,
旧唐书二百卷逸文十二卷校勘记六十六卷,史10200650,史,后晋刘昫等撰　（逸文）清岑建功辑　清罗士琳等校勘,,清道光二十三至二十六年惧盈斋刻同治十一年方濬颐重修本,修本,清,,国家图书馆　上海图书馆,,史部/纪传类/断代之属,,,,,,,,,,,,,,,,,,,,,,,,,,,,,,,,,,,,,,,,,,,,,,,,,,,,,,,,,,,,,,,,,,,,,,,,
旧唐书二百卷附考证,史10200649,史,后晋刘昫等撰,,四部备要本,印本,民国,,,,史部/纪传类/断代之属,,,,,,,,,,,,,,,,,,,,,,,,,,,,,,,,,,,,,,,,,,,,,,,,,,,,,,,,,,,,,,,,,,,,,,,,
旧唐书二百卷附考证,史10200649,史,后晋刘昫等撰,,二十五史本,,,,,,史部/纪传类/断代之属,,,,,,,,,,,,,,,,,,,,,,,,,,,,,,,,,,,,,,,,,,,,,,,,,,,,,,,,,,,,,,,,,,,,,,,,
旧唐书二百卷附考证,史10200649,史,后晋刘昫等撰,,二十四史本（武英殿本、景印武英殿本）,刻本,清,北京,国家图书馆,北京,史部/纪传类/断代之属,,,,,,,,,,,,,,,,,,,,,,,,,,,,,,,,,,,,,,,,,,,,,,,,,,,,,,,,,,,,,,,,,,,,,,,,
旧唐书二百卷附考证,史10200649,史,后晋刘昫等撰,,四库全书本（旧唐书）,,清,,,,史部/纪传类/断代之属,,,,,,,,,,,,,,,,,,,,,,,,,,,,,,,,,,,,,,,,,,,,,,,,,,,,,,,,,,,,,,,,,,,,,,,,
旧唐书二百卷附考证,史10200649,史,后晋刘昫等撰,,摛藻堂四库全书荟要本（旧唐书）,印本,现代,台湾,,,史部/纪传类/断代之属,,,,,,,,,,,,,,,,,,,,,,,,,,,,,,,,,,,,,,,,,,,,,,,,,,,,,,,,,,,,,,,,,,,,,,,,
旧五代史郡县志一卷附考证,史10200149,史,宋薛居正等撰,,历代地理志汇编本, , ,,,,史部/纪传类/通代之属,,,,,,,,,,,,,,,,,,,,,,,,,,,,,,,,,,,,,,,,,,,,,,,,,,,,,,,,,,,,,,,,,,,,,,,,
旧五代史一百五十卷附考证,史10200147,史,宋薛居正等撰　清邵晋涵等辑,,四部备要本,印本,民国,,,,史部/纪传类/通代之属,,,,,,,,,,,,,,,,,,,,,,,,,,,,,,,,,,,,,,,,,,,,,,,,,,,,,,,,,,,,,,,,,,,,,,,,
旧五代史一百五十卷附考证,史10200147,史,宋薛居正等撰　清邵晋涵等辑,,二十五史本,,,,,,史部/纪传类/通代之属,,,,,,,,,,,,,,,,,,,,,,,,,,,,,,,,,,,,,,,,,,,,,,,,,,,,,,,,,,,,,,,,,,,,,,,,
旧五代史一百五十卷附考证,史10200147,史,宋薛居正等撰　清邵晋涵等辑,,二十四史本（五省官书局本）,刻本,清,江苏,国家图书馆,北京,史部/纪传类/通代之属,,,,,,,,,,,,,,,,,,,,,,,,,,,,,,,,,,,,,,,,,,,,,,,,,,,,,,,,,,,,,,,,,,,,,,,,
旧五代史一百五十卷附考证,史10200147,史,宋薛居正等撰　清邵晋涵等辑,,二十四史本（武英殿本、景印武英殿本）,刻本,清,北京,,,史部/纪传类/通代之属,,,,,,,,,,,,,,,,,,,,,,,,,,,,,,,,,,,,,,,,,,,,,,,,,,,,,,,,,,,,,,,,,,,,,,,,
旧五代史一百五十卷附考证,史10200147,史,宋薛居正等撰　清邵晋涵等辑,,四库全书本,,清,,,,史部/纪传类/通代之属,,,,,,,,,,,,,,,,,,,,,,,,,,,,,,,,,,,,,,,,,,,,,,,,,,,,,,,,,,,,,,,,,,,,,,,,
旧五代史一百五十卷附考证,史10200147,史,宋薛居正等撰　清邵晋涵等辑,,摛藻堂四库全书荟要本,印本,现代,台湾,,,史部/纪传类/通代之属,,,,,,,,,,,,,,,,,,,,,,,,,,,,,,,,,,,,,,,,,,,,,,,,,,,,,,,,,,,,,,,,,,,,,,,,
旧五代史一百五十卷目录二卷,史10200146,史,宋薛居正等撰　清邵晋涵等辑,,百衲本二十四史本,印本,民国,,,,史部/纪传类/通代之属,,,,,,,,,,,,,,,,,,,,,,,,,,,,,,,,,,,,,,,,,,,,,,,,,,,,,,,,,,,,,,,,,,,,,,,,
旧五代史一百五十卷目录二卷,史10200146,史,宋薛居正等撰　清邵晋涵等辑,,重刊二十四史本, , ,,,,史部/纪传类/通代之属,,,,,,,,,,,,,,,,,,,,,,,,,,,,,,,,,,,,,,,,,,,,,,,,,,,,,,,,,,,,,,,,,,,,,,,,
旧五代史一百五十卷目录二卷,史10200146,史,宋薛居正等撰　清邵晋涵等辑,,清抄本,抄本,清,,南开大学图书馆,天津,史部/纪传类/通代之属,,,,,,,,,,,,,,,,,,,,,,,,,,,,,,,,,,,,,,,,,,,,,,,,,,,,,,,,,,,,,,,,,,,,,,,,
旧五代史一百五十卷目录二卷,史10200146,史,宋薛居正等撰　清邵晋涵等辑,,清卢氏袌经楼抄本（缪荃孙校）,抄本,清,浙江,国家图书馆,北京,史部/纪传类/通代之属,,,,,,,,,,,,,,,,,,,,,,,,,,,,,,,,,,,,,,,,,,,,,,,,,,,,,,,,,,,,,,,,,,,,,,,,
旧五代史一百五十卷目录二卷,史10200146,史,宋薛居正等撰　清邵晋涵等辑,,清彭氏知圣道斋抄本（清彭元瑞校并跋）,抄本,清,,上海图书馆,上海,史部/纪传类/通代之属,,,,,,,,,,,,,,,,,,,,,,,,,,,,,,,,,,,,,,,,,,,,,,,,,,,,,,,,,,,,,,,,,,,,,,,,
旧五代史一百五十卷目录二卷,史10200146,史,宋薛居正等撰　清邵晋涵等辑,,清乾隆四十七年抄本,抄本,清,,国家图书馆,北京,史部/纪传类/通代之属,,,,,,,,,,,,,,,,,,,,,,,,,,,,,,,,,,,,,,,,,,,,,,,,,,,,,,,,,,,,,,,,,,,,,,,,
旧五代史一百五十卷目录二卷,史10200146,史,宋薛居正等撰　清邵晋涵等辑,,清乾隆间翰林院抄本,抄本,清,北京,江西省图书馆,江西,史部/纪传类/通代之属,,,,,,,,,,,,,,,,,,,,,,,,,,,,,,,,,,,,,,,,,,,,,,,,,,,,,,,,,,,,,,,,,,,,,,,,
